<?xml version="1.0" encoding="UTF-8"?>
<addon
  id="skin.supaboxtv"
  version="1.0.12"
  name="SupaboxTV"
  provider-name="SupaboxTV Team">
  <requires>
    <import addon="xbmc.gui" version="5.3.0"/>
  </requires>
  <extension
    point="xbmc.gui.skin"
    defaultthemename="textures.xbt"
    debugging="false"
    effectslowdown="0.75">
    <res width="1280" height="720" aspect="16:9" default="true" folder="720p" />
  </extension>
  <extension point="xbmc.addon.metadata">
    <summary></summary>
    <description></description>
  	<disclaimer></disclaimer>
    <platform>all</platform>
    <forum></forum>
    <website></website>
  </extension>
</addon>
