<?xml version="1.0" encoding="UTF-8" standalone="yes"?>
<addon id="plugin.video.supaboxwizard" version="1.2.1" name="Supabox Config Wizard" provider-name="flaggsoft.com">
	<requires>
		<import addon="xbmc.python" version="2.1.0"/>
	</requires>
	<extension point="xbmc.python.pluginsource" library="default.py">
		<provides>executable</provides>
	</extension>
	<extension point="xbmc.addon.metadata">
		<summary>The Supabox Wizard</summary>
		<description>Instantly configure your Supabox experience with all the best add-ons and goodies!  </description>
		<website></website>
		<platform>all</platform>
		<forum></forum>
		<website></website>
	</extension>
</addon>
