<?xml version="1.0" encoding="UTF-8" standalone="yes"?>
<addon id="plugin.video.supaboxmaintenance" version="0.0.7"
	name="Supabox Maintenance Tool" provider-name="flaggsoft">
  <requires>
<import addon="service.cronxbmc" version="0.0.4" />
    <import addon="xbmc.python" version="2.1.0"/>
    <import addon="plugin.video.youtube" />
    <import addon="script.module.addon.common" />
    <import addon="script.module.metahandler" />
  </requires>
  <extension point="xbmc.python.script" library="default.py">
        <provides>executable</provides>
  </extension>
  <extension point="xbmc.addon.metadata">
    <summary lang="en">Maintenance Tool</summary>
    <description lang="en">Maintenance Tool is your one stop tool for all fixes and information.</description>
    <platform>all</platform>
    <forum></forum>
    <website></website>
  </extension>
</addon>
