<window>
	<defaultcontrol always="true">9000</defaultcontrol>
	<controls>
		<include>CommonBackground</include>
		<control type="image">
			<posx>0</posx>
			<posy>100r</posy>
			<width>1280</width>
			<height>100</height>
			<texture>floor.png</texture>
			<include>VisibleFadeEffect</include>
		</control>
		<control type="image">
			<description>Section header image</description>
			<posx>20</posx>
			<posy>3</posy>
			<width>35</width>
			<height>35</height>
			<aspectratio>keep</aspectratio>
			<texture>icon_system.png</texture>
		</control>
		<control type="grouplist">
			<posx>65</posx>
			<posy>5</posy>
			<width>1000</width>
			<height>30</height>
			<orientation>horizontal</orientation>
			<align>left</align>
			<itemgap>5</itemgap>
			<control type="label">
				<include>WindowTitleCommons</include>
				<label>$LOCALIZE[20077]</label>
			</control>
			<control type="label">
				<include>WindowTitleCommons</include>
				<label>[COLOR=blue] - [/COLOR]$INFO[Container.FolderName]</label>
				<visible>!IsEmpty(Container.FolderName)</visible>
			</control>
		</control>
		<control type="group">
			<posx>90</posx>
			<posy>30</posy>
			<animation type="WindowOpen" reversible="false">
				<effect type="zoom" start="80" end="100" center="640,360" easing="out" tween="back" time="300" />
				<effect type="fade" start="0" end="100" time="300" />
			</animation>
			<animation type="WindowClose" reversible="false">
				<effect type="zoom" start="100" end="80" center="640,360" easing="in" tween="back" time="300" />
				<effect type="fade" start="100" end="0" time="300" />
			</animation>
			<control type="image">
				<posx>5</posx>
				<posy>5</posy>
				<width>1090</width>
				<height>630</height>
				<texture border="15">ContentPanel.png</texture>
			</control>
			<control type="image">
				<posx>5</posx>
				<posy>625</posy>
				<width>1090</width>
				<height>64</height>
				<texture border="15">ContentPanelMirror.png</texture>
			</control>
			<control type="button">
				<description>Close Window button</description>
				<posx>980</posx>
				<posy>11</posy>
				<width>64</width>
				<height>32</height>
				<label>-</label>
				<font>-</font>
				<onclick>PreviousMenu</onclick>
				<texturefocus>DialogCloseButton-focus.png</texturefocus>
				<texturenofocus>DialogCloseButton.png</texturenofocus>
				<onleft>1</onleft>
				<onright>1</onright>
				<onup>1</onup>
				<ondown>1</ondown>
				<visible>system.getbool(input.enablemouse)</visible>
			</control>
			<control type="image">
				<description>LOGO</description>
				<posx>30</posx>
				<posy>15</posy>
				<width>220</width>
				<height>80</height>
				<aspectratio>keep</aspectratio>
				<texture>Confluence_Logo.png</texture>
			</control>
			<control type="list" id="9000">
				<posx>10</posx>
				<posy>90</posy>
				<width>260</width>
				<height>481</height>
				<onleft>9010</onleft>
				<onright>9010</onright>
				<onup>9000</onup>
				<ondown>9000</ondown>
				<pagecontrol>-</pagecontrol>
				<scrolltime>300</scrolltime>
				<itemlayout height="80" width="260">
					<control type="image">
						<posx>0</posx>
						<posy>0</posy>
						<width>260</width>
						<height>81</height>
						<texture border="5">MenuItemNF.png</texture>
					</control>
					<control type="label">
						<posx>250</posx>
						<posy>15</posy>
						<width>380</width>
						<height>25</height>
						<font>font24_title</font>
						<textcolor>grey3</textcolor>
						<align>right</align>
						<aligny>center</aligny>
						<label>$INFO[ListItem.Label]</label>
					</control>
					<control type="label">
						<posx>250</posx>
						<posy>42</posy>
						<width>870</width>
						<height>25</height>
						<font>font13</font>
						<textcolor>grey2</textcolor>
						<align>right</align>
						<aligny>center</aligny>
						<label>$INFO[ListItem.Label2]</label>
					</control>
				</itemlayout>
				<focusedlayout height="80" width="260">
					<control type="image">
						<posx>0</posx>
						<posy>0</posy>
						<width>260</width>
						<height>81</height>
						<texture border="5">MenuItemFO.png</texture>
						<animation effect="fade" start="100" end="30" time="100" condition="!Control.HasFocus(9000)">Conditional</animation>
					</control>
					<control type="label">
						<posx>250</posx>
						<posy>15</posy>
						<width>380</width>
						<height>25</height>
						<font>font24_title</font>
						<textcolor>white</textcolor>
						<align>right</align>
						<aligny>center</aligny>
						<label>$INFO[ListItem.Label]</label>
					</control>
					<control type="label">
						<posx>250</posx>
						<posy>42</posy>
						<width>870</width>
						<height>25</height>
						<font>font13</font>
						<textcolor>grey2</textcolor>
						<align>right</align>
						<aligny>center</aligny>
						<label>$INFO[ListItem.Label2]</label>
					</control>
				</focusedlayout>
				<content>
					<item id="1">
						<label>128</label>
						<label2>5</label2>
						<onclick>noop</onclick>
					</item>
					<item id="2">
						<label>513</label>
						<label2>31112</label2>
						<onclick>noop</onclick>
					</item>
					<item id="3">
						<label>31102</label>
						<label2>31112</label2>
						<onclick>noop</onclick>
					</item>
					<item id="4">
						<label>24000</label>
						<label2>31200</label2>
						<onclick>noop</onclick>
					</item>
					<item id="5">
						<label>41925</label>
						<label2>Settings</label2>
						<onclick>noop</onclick>
					</item>
					<item id="6">
						<label>[COLOR blue]i[/COLOR]Stream Addon</label>
						<label2>Settings</label2>
						<onclick>noop</onclick>
					</item>
					<item id="7">
						<label>41926</label>
						<label2>Settings</label2>
						<onclick>noop</onclick>
					</item>
					<item id="8">
						<label>41927</label>
						<label2>Settings</label2>
						<onclick>noop</onclick>
					</item>
				</content>
			</control>
			<control type="image">
				<posx>268</posx>
				<posy>10</posy>
				<width>790</width>
				<height>618</height>
				<texture border="5">black-back2.png</texture>
			</control>
			<control type="image">
				<posx>268</posx>
				<posy>10</posy>
				<width>804</width>
				<height>100</height>
				<aspectratio>stretch</aspectratio>
				<texture>GlassTitleBar.png</texture>
			</control>
			<control type="label">
				<description>header label</description>
				<posx>300</posx>
				<posy>20</posy>
				<width>740</width>
				<height>30</height>
				<font>font16</font>
				<label>$LOCALIZE[20077] - $INFO[Container(9000).ListItem.Label]</label>
				<align>left</align>
				<aligny>center</aligny>
				<textcolor>white</textcolor>
				<shadowcolor>black</shadowcolor>
			</control>
			<control type="group" id="9010">
				<control type="grouplist" id="9001">
					<visible>Container(9000).Hasfocus(1)</visible>
					<posx>290</posx>
					<posy>60</posy>
					<width>750</width>
					<height>530</height>
					<itemgap>-1</itemgap>
					<pagecontrol>60</pagecontrol>
					<onleft>9000</onleft>
					<onright>60</onright>
					<onup>9001</onup>
					<ondown>9001</ondown>
					<control type="label" id="100">
						<width>750</width>
						<height>45</height>
						<font>font13_title</font>
						<label>31106</label>
						<textcolor>blue</textcolor>
						<shadowcolor>black</shadowcolor>
						<align>left</align>
						<aligny>center</aligny>
					</control>
					<control type="radiobutton" id="101">
						<width>750</width>
						<height>40</height>
						<font>font13</font>
						<label>20189</label>
						<textcolor>grey2</textcolor>
						<focusedcolor>white</focusedcolor>
						<texturefocus>MenuItemFO.png</texturefocus>
						<texturenofocus>MenuItemNF.png</texturenofocus>
						<onclick>Skin.ToggleSetting(AutoScroll)</onclick>
						<selected>Skin.HasSetting(AutoScroll)</selected>
					</control>
					<control type="radiobutton" id="102">
						<width>750</width>
						<height>40</height>
						<font>font13</font>
						<label>31103</label>
						<textcolor>grey2</textcolor>
						<focusedcolor>white</focusedcolor>
						<texturefocus>MenuItemFO.png</texturefocus>
						<texturenofocus>MenuItemNF.png</texturenofocus>
						<onclick>Skin.ToggleSetting(Show_SlideShow_Paused)</onclick>
						<selected>!Skin.HasSetting(Show_SlideShow_Paused)</selected>
					</control>
					<control type="radiobutton" id="112">
						<width>750</width>
						<height>40</height>
						<font>font13</font>
						<label>31104</label>
						<textcolor>grey2</textcolor>
						<focusedcolor>white</focusedcolor>
						<texturefocus>MenuItemFO.png</texturefocus>
						<texturenofocus>MenuItemNF.png</texturenofocus>
						<onclick>Skin.ToggleSetting(WindowedTrailer)</onclick>
						<selected>Skin.HasSetting(WindowedTrailer)</selected>
					</control>
					<control type="radiobutton" id="113">
						<width>750</width>
						<height>40</height>
						<font>font13</font>
						<label>31107</label>
						<textcolor>grey2</textcolor>
						<focusedcolor>white</focusedcolor>
						<texturefocus>MenuItemFO.png</texturefocus>
						<texturenofocus>MenuItemNF.png</texturenofocus>
						<onclick>Skin.ToggleSetting(HideFilenameFlagging)</onclick>
						<selected>Skin.HasSetting(HideFilenameFlagging)</selected>
					</control>
					<control type="label" id="104">
						<width>750</width>
						<height>45</height>
						<font>font13_title</font>
						<label>20343</label>
						<textcolor>blue</textcolor>
						<shadowcolor>black</shadowcolor>
						<align>left</align>
						<aligny>center</aligny>
						<visible>System.HasAddon(script.tvtunes)</visible>
					</control>
					<control type="radiobutton" id="115">
						<width>750</width>
						<height>40</height>
						<font>font13</font>
						<label>31126</label>
						<textcolor>grey2</textcolor>
						<focusedcolor>white</focusedcolor>
						<texturefocus>MenuItemFO.png</texturefocus>
						<texturenofocus>MenuItemNF.png</texturenofocus>
						<onclick>Skin.ToggleSetting(ActivateTvTunes)</onclick>
						<selected>Skin.HasSetting(ActivateTvTunes)</selected>
						<visible>System.HasAddon(script.tvtunes)</visible>
					</control>
					<control type="label" id="106">
						<width>750</width>
						<height>45</height>
						<font>font13_title</font>
						<label>512</label>
						<textcolor>blue</textcolor>
						<shadowcolor>black</shadowcolor>
						<align>left</align>
						<aligny>center</aligny>
					</control>
					<control type="radiobutton" id="107">
						<width>750</width>
						<height>40</height>
						<font>font13</font>
						<label>21398</label>
						<textcolor>grey2</textcolor>
						<focusedcolor>white</focusedcolor>
						<texturefocus>MenuItemFO.png</texturefocus>
						<texturenofocus>MenuItemNF.png</texturenofocus>
						<onclick>Skin.ToggleSetting(Use_Startup_Playlist)</onclick>
						<selected>Skin.HasSetting(Use_Startup_Playlist)</selected>
					</control>
					<control type="button" id="108">
						<description>Startup Playlist Path</description>
						<width>750</width>
						<height>40</height>
						<font>font13</font>
						<textcolor>grey2</textcolor>
						<focusedcolor>white</focusedcolor>
						<label>15311</label>
						<label2>$INFO[Skin.String(Startup_Playlist_Path)]</label2>
						<onclick>Skin.SetFile(Startup_Playlist_Path,,special://MusicPlaylists/)</onclick>
						<texturefocus>MenuItemFO.png</texturefocus>
						<texturenofocus>MenuItemNF.png</texturenofocus>
						<enable>Skin.HasSetting(Use_Startup_Playlist)</enable>
					</control>
				</control>
				<control type="scrollbar" id="60">
					<posx>1060</posx>
					<posy>60</posy>
					<width>25</width>
					<height>530</height>
					<texturesliderbackground border="0,14,0,14">ScrollBarV.png</texturesliderbackground>
					<texturesliderbar border="0,14,0,14">ScrollBarV_bar.png</texturesliderbar>
					<texturesliderbarfocus border="0,14,0,14">ScrollBarV_bar_focus.png</texturesliderbarfocus>
					<textureslidernib>ScrollBarNib.png</textureslidernib>
					<textureslidernibfocus>ScrollBarNib.png</textureslidernibfocus>
					<onleft>9001</onleft>
					<onright>9000</onright>
					<showonepage>false</showonepage>
					<orientation>vertical</orientation>
					<visible>Container(9000).Hasfocus(1)</visible>
				</control>
				<control type="grouplist" id="9002">
					<visible>Container(9000).Hasfocus(2)</visible>
					<posx>290</posx>
					<posy>60</posy>
					<width>750</width>
					<height>530</height>
					<itemgap>-1</itemgap>
					<pagecontrol>60</pagecontrol>
					<onleft>9000</onleft>
					<onright>60</onright>
					<onup>9002</onup>
					<ondown>9002</ondown>
					<control type="label" id="200">
						<width>750</width>
						<height>45</height>
						<font>font13_title</font>
						<label>31101</label>
						<textcolor>blue</textcolor>
						<shadowcolor>black</shadowcolor>
						<align>left</align>
						<aligny>center</aligny>
					</control>
					<control type="radiobutton" id="202">
						<description>enable video info</description>
						<width>750</width>
						<height>40</height>
						<font>font13</font>
						<textcolor>grey2</textcolor>
						<focusedcolor>white</focusedcolor>
						<label>20176</label>
						<onclick>Skin.ToggleSetting(homepageVideoinfo)</onclick>
						<selected>!Skin.HasSetting(homepageVideoinfo)</selected>
						<texturefocus>MenuItemFO.png</texturefocus>
						<texturenofocus>MenuItemNF.png</texturenofocus>
					</control>
					<control type="radiobutton" id="203">
						<description>enable music info</description>
						<width>750</width>
						<height>40</height>
						<font>font13</font>
						<textcolor>grey2</textcolor>
						<focusedcolor>white</focusedcolor>
						<label>20083</label>
						<onclick>Skin.ToggleSetting(homepageMusicinfo)</onclick>
						<selected>!Skin.HasSetting(homepageMusicinfo)</selected>
						<texturefocus>MenuItemFO.png</texturefocus>
						<texturenofocus>MenuItemNF.png</texturenofocus>
					</control>
					<control type="radiobutton" id="204">
						<description>enable weather info</description>
						<width>750</width>
						<height>40</height>
						<font>font13</font>
						<textcolor>grey2</textcolor>
						<focusedcolor>white</focusedcolor>
						<label>20084</label>
						<onclick>Skin.ToggleSetting(homepageWeatherinfo)</onclick>
						<selected>Skin.HasSetting(homepageWeatherinfo)</selected>
						<texturefocus>MenuItemFO.png</texturefocus>
						<texturenofocus>MenuItemNF.png</texturenofocus>
						<visible>!IsEmpty(Weather.Plugin)</visible>
					</control>
					<control type="radiobutton" id="205">
						<description>Show Recently added Video info</description>
						<width>750</width>
						<height>40</height>
						<font>font13</font>
						<textcolor>grey2</textcolor>
						<focusedcolor>white</focusedcolor>
						<label>31117</label>
						<onclick>Skin.ToggleSetting(HomepageHideRecentlyAddedVideo)</onclick>
						<selected>!Skin.HasSetting(HomepageHideRecentlyAddedVideo)</selected>
						<texturefocus>MenuItemFO.png</texturefocus>
						<texturenofocus>MenuItemNF.png</texturenofocus>
					</control>
					<control type="radiobutton" id="206">
						<description>Show Recently added info</description>
						<width>750</width>
						<height>40</height>
						<font>font13</font>
						<textcolor>grey2</textcolor>
						<focusedcolor>white</focusedcolor>
						<label>31116</label>
						<onclick>Skin.ToggleSetting(HomepageHideRecentlyAddedAlbums)</onclick>
						<selected>!Skin.HasSetting(HomepageHideRecentlyAddedAlbums)</selected>
						<texturefocus>MenuItemFO.png</texturefocus>
						<texturenofocus>MenuItemNF.png</texturenofocus>
					</control>
					<control type="label" id="220">
						<width>750</width>
						<height>45</height>
						<font>font13_title</font>
						<label>31108</label>
						<textcolor>blue</textcolor>
						<shadowcolor>black</shadowcolor>
						<align>left</align>
						<aligny>center</aligny>
					</control>
					<control type="radiobutton" id="221">
						<description>Hide Videos Button</description>
						<width>750</width>
						<height>40</height>
						<font>font13</font>
						<textcolor>grey2</textcolor>
						<focusedcolor>white</focusedcolor>
						<label>$LOCALIZE[31111] - $LOCALIZE[3]</label>
						<onclick>Skin.ToggleSetting(HomeMenuNoVideosButton)</onclick>
						<selected>Skin.HasSetting(HomeMenuNoVideosButton)</selected>
						<texturefocus>MenuItemFO.png</texturefocus>
						<texturenofocus>MenuItemNF.png</texturenofocus>
					</control>
					<control type="radiobutton" id="222">
						<description>Hide Movies Button</description>
						<width>750</width>
						<height>40</height>
						<font>font13</font>
						<textcolor>grey2</textcolor>
						<focusedcolor>white</focusedcolor>
						<label>$LOCALIZE[31111] - $LOCALIZE[20342] [COLOR=grey3] ($LOCALIZE[20314])[/COLOR]</label>
						<onclick>Skin.ToggleSetting(HomeMenuNoMovieButton)</onclick>
						<selected>Skin.HasSetting(HomeMenuNoMovieButton)</selected>
						<texturefocus>MenuItemFO.png</texturefocus>
						<texturenofocus>MenuItemNF.png</texturenofocus>
						<enable>Library.HasContent(Movies)</enable>
					</control>
					<control type="radiobutton" id="223">
						<description>Hide TV Shows Button</description>
						<width>750</width>
						<height>40</height>
						<font>font13</font>
						<textcolor>grey2</textcolor>
						<focusedcolor>white</focusedcolor>
						<label>$LOCALIZE[31111] - $LOCALIZE[20343] [COLOR=grey3] ($LOCALIZE[20314])[/COLOR]</label>
						<onclick>Skin.ToggleSetting(HomeMenuNoTVShowButton)</onclick>
						<selected>Skin.HasSetting(HomeMenuNoTVShowButton)</selected>
						<texturefocus>MenuItemFO.png</texturefocus>
						<texturenofocus>MenuItemNF.png</texturenofocus>
						<enable>Library.HasContent(TVShows)</enable>
					</control>
					<control type="radiobutton" id="224">
						<description>Hide Music Button</description>
						<width>750</width>
						<height>40</height>
						<font>font13</font>
						<textcolor>grey2</textcolor>
						<focusedcolor>white</focusedcolor>
						<label>$LOCALIZE[31111] - $LOCALIZE[2]</label>
						<onclick>Skin.ToggleSetting(HomeMenuNoMusicButton)</onclick>
						<selected>Skin.HasSetting(HomeMenuNoMusicButton)</selected>
						<texturefocus>MenuItemFO.png</texturefocus>
						<texturenofocus>MenuItemNF.png</texturenofocus>
					</control>
					<control type="radiobutton" id="225">
						<description>Hide Pictures Button</description>
						<width>750</width>
						<height>40</height>
						<font>font13</font>
						<textcolor>grey2</textcolor>
						<focusedcolor>white</focusedcolor>
						<label>$LOCALIZE[31111] - $LOCALIZE[1]</label>
						<onclick>Skin.ToggleSetting(HomeMenuNoPicturesButton)</onclick>
						<selected>Skin.HasSetting(HomeMenuNoPicturesButton)</selected>
						<texturefocus>MenuItemFO.png</texturefocus>
						<texturenofocus>MenuItemNF.png</texturenofocus>
					</control>
					<control type="radiobutton" id="226">
						<description>Hide Programs Button</description>
						<width>750</width>
						<height>40</height>
						<font>font13</font>
						<textcolor>grey2</textcolor>
						<focusedcolor>white</focusedcolor>
						<label>$LOCALIZE[31111] - $LOCALIZE[0]</label>
						<onclick>Skin.ToggleSetting(HomeMenuNoProgramsButton)</onclick>
						<selected>Skin.HasSetting(HomeMenuNoProgramsButton)</selected>
						<texturefocus>MenuItemFO.png</texturefocus>
						<texturenofocus>MenuItemNF.png</texturenofocus>
					</control>
					<control type="radiobutton" id="228">
						<description>Hide Weather Button</description>
						<width>750</width>
						<height>40</height>
						<font>font13</font>
						<textcolor>grey2</textcolor>
						<focusedcolor>white</focusedcolor>
						<label>$LOCALIZE[31111] - $LOCALIZE[8]</label>
						<onclick>Skin.ToggleSetting(HomeMenuNoWeatherButton)</onclick>
						<selected>Skin.HasSetting(HomeMenuNoWeatherButton)</selected>
						<texturefocus>MenuItemFO.png</texturefocus>
						<texturenofocus>MenuItemNF.png</texturenofocus>
					</control>
				</control>
				<control type="scrollbar" id="60">
					<posx>1060</posx>
					<posy>60</posy>
					<width>25</width>
					<height>530</height>
					<texturesliderbackground border="0,14,0,14">ScrollBarV.png</texturesliderbackground>
					<texturesliderbar border="0,14,0,14">ScrollBarV_bar.png</texturesliderbar>
					<texturesliderbarfocus border="0,14,0,14">ScrollBarV_bar_focus.png</texturesliderbarfocus>
					<textureslidernib>ScrollBarNib.png</textureslidernib>
					<textureslidernibfocus>ScrollBarNib.png</textureslidernibfocus>
					<onleft>9002</onleft>
					<onright>9000</onright>
					<showonepage>false</showonepage>
					<orientation>vertical</orientation>
					<visible>Container(9000).Hasfocus(2)</visible>
				</control>
				<control type="grouplist" id="9003">
					<visible>Container(9000).Hasfocus(3)</visible>
					<posx>290</posx>
					<posy>60</posy>
					<width>750</width>
					<height>530</height>
					<itemgap>-1</itemgap>
					<pagecontrol>60</pagecontrol>
					<onleft>9000</onleft>
					<onright>60</onright>
					<onup>9003</onup>
					<ondown>9003</ondown>
					<control type="label" id="300">
						<width>750</width>
						<height>45</height>
						<font>font13_title</font>
						<label>31106</label>
						<textcolor>blue</textcolor>
						<shadowcolor>black</shadowcolor>
						<align>left</align>
						<aligny>center</aligny>
					</control>
					<control type="radiobutton" id="301">
						<width>750</width>
						<height>40</height>
						<font>font13</font>
						<label>31119</label>
						<textcolor>grey2</textcolor>
						<focusedcolor>white</focusedcolor>
						<texturefocus>MenuItemFO.png</texturefocus>
						<texturenofocus>MenuItemNF.png</texturenofocus>
						<onclick>Skin.ToggleSetting(HideBackGroundFanart)</onclick>
						<selected>Skin.HasSetting(HideBackGroundFanart)</selected>
					</control>
					<control type="radiobutton" id="302">
						<width>750</width>
						<height>40</height>
						<font>font13</font>
						<label>31129</label>
						<textcolor>grey2</textcolor>
						<focusedcolor>white</focusedcolor>
						<texturefocus>MenuItemFO.png</texturefocus>
						<texturenofocus>MenuItemNF.png</texturenofocus>
						<onclick>Skin.ToggleSetting(HideVisualizationFanart)</onclick>
						<selected>Skin.HasSetting(HideVisualizationFanart)</selected>
					</control>
					<control type="radiobutton" id="303">
						<width>750</width>
						<height>40</height>
						<font>font13</font>
						<label>31124</label>
						<textcolor>grey2</textcolor>
						<focusedcolor>white</focusedcolor>
						<texturefocus>MenuItemFO.png</texturefocus>
						<texturenofocus>MenuItemNF.png</texturenofocus>
						<onclick>Skin.ToggleSetting(ShowBackgroundVideo)</onclick>
						<selected>!Skin.HasSetting(ShowBackgroundVideo)</selected>
					</control>
					<control type="radiobutton" id="304">
						<width>750</width>
						<height>40</height>
						<font>font13</font>
						<label>31125</label>
						<textcolor>grey2</textcolor>
						<focusedcolor>white</focusedcolor>
						<texturefocus>MenuItemFO.png</texturefocus>
						<texturenofocus>MenuItemNF.png</texturenofocus>
						<onclick>Skin.ToggleSetting(ShowBackgroundVis)</onclick>
						<selected>!Skin.HasSetting(ShowBackgroundVis)</selected>
					</control>
				</control>
				<control type="group">
					<control type="grouplist" id="9004">
						<visible>Container(9000).Hasfocus(4)</visible>
						<posx>290</posx>
						<posy>60</posy>
						<width>750</width>
						<height>530</height>
						<itemgap>-1</itemgap>
						<pagecontrol>61</pagecontrol>
						<onleft>9000</onleft>
						<onright>61</onright>
						<onup>9004</onup>
						<ondown>9004</ondown>
						<control type="label" id="453">
							<width>750</width>
							<height>45</height>
							<font>font13_title</font>
							<label>31140</label>
							<textcolor>blue</textcolor>
							<shadowcolor>black</shadowcolor>
							<align>left</align>
							<aligny>center</aligny>
						</control>
						<control type="button" id="455">
							<width>750</width>
							<height>40</height>
							<font>font13</font>
							<label>$LOCALIZE[31132]</label>
							<label2>[COLOR=selected]$INFO[system.addontitle(Skin.String(LyricScript_Path))][/COLOR]</label2>
							<textcolor>grey2</textcolor>
							<focusedcolor>white</focusedcolor>
							<texturefocus>MenuItemFO.png</texturefocus>
							<texturenofocus>MenuItemNF.png</texturenofocus>
							<onclick>Skin.SetAddon(LyricScript_Path,xbmc.python.lyrics)</onclick>
						</control>
						<control type="button" id="456">
							<width>750</width>
							<height>40</height>
							<font>font13</font>
							<label>- $LOCALIZE[24020]</label>
							<textcolor>grey2</textcolor>
							<focusedcolor>white</focusedcolor>
							<texturefocus>MenuItemFO.png</texturefocus>
							<texturenofocus>MenuItemNF.png</texturenofocus>
							<enable>!IsEmpty(Skin.String(LyricScript_Path))</enable>
							<onclick>Addon.OpenSettings($INFO[Skin.String(LyricScript_Path)])</onclick>
						</control> 
						<control type="label" id="457">
							<width>750</width>
							<height>45</height>
							<font>font13_title</font>
							<label>31141</label>
							<textcolor>blue</textcolor>
							<shadowcolor>black</shadowcolor>
							<align>left</align>
							<aligny>center</aligny>
						</control>
						<control type="button" id="458">
							<width>750</width>
							<height>40</height>
							<font>font13</font>
							<label>$LOCALIZE[31133]</label>
							<label2>[COLOR=selected]$INFO[system.addontitle(Skin.String(SubtitleScript_Path))][/COLOR]</label2>
							<textcolor>grey2</textcolor>
							<focusedcolor>white</focusedcolor>
							<texturefocus>MenuItemFO.png</texturefocus>
							<texturenofocus>MenuItemNF.png</texturenofocus>
							<onclick>Skin.SetAddon(SubtitleScript_Path,xbmc.python.subtitles)</onclick>
						</control>
						<control type="button" id="459">
							<width>750</width>
							<height>40</height>
							<font>font13</font>
							<label>- $LOCALIZE[24020]</label>
							<textcolor>grey2</textcolor>
							<focusedcolor>white</focusedcolor>
							<texturefocus>MenuItemFO.png</texturefocus>
							<texturenofocus>MenuItemNF.png</texturenofocus>
							<enable>!IsEmpty(Skin.String(SubtitleScript_Path))</enable>
							<onclick>Addon.OpenSettings($INFO[Skin.String(SubtitleScript_Path)])</onclick>
						</control> 

						<control type="label" id="410">
							<width>750</width>
							<height>45</height>
							<font>font13_title</font>
							<label>31134</label>
							<textcolor>blue</textcolor>
							<shadowcolor>black</shadowcolor>
							<align>left</align>
							<aligny>center</aligny>
						</control>
						<control type="button" id="411">
							<width>750</width>
							<height>40</height>
							<font>font13</font>
							<label>$LOCALIZE[24000] [B]1[/B]</label>
							<label2>[COLOR=selected]$INFO[system.addontitle(Skin.String(HomeVideosButton1))][/COLOR]</label2>
							<textcolor>grey2</textcolor>
							<focusedcolor>white</focusedcolor>
							<texturefocus>MenuItemFO.png</texturefocus>
							<texturenofocus>MenuItemNF.png</texturenofocus>
							<onclick>Skin.SetAddon(HomeVideosButton1,xbmc.addon.video,xbmc.addon.executable)</onclick>
						</control>
						<control type="button" id="412">
							<width>750</width>
							<height>40</height>
							<font>font13</font>
							<label>$LOCALIZE[24000] [B]2[/B]</label>
							<label2>[COLOR=selected]$INFO[system.addontitle(Skin.String(HomeVideosButton2))][/COLOR]</label2>
							<textcolor>grey2</textcolor>
							<focusedcolor>white</focusedcolor>
							<texturefocus>MenuItemFO.png</texturefocus>
							<texturenofocus>MenuItemNF.png</texturenofocus>
							<onclick>Skin.SetAddon(HomeVideosButton2,xbmc.addon.video,xbmc.addon.executable)</onclick>
						</control>
						<control type="button" id="413">
							<width>750</width>
							<height>40</height>
							<font>font13</font>
							<label>$LOCALIZE[24000] [B]3[/B]</label>
							<label2>[COLOR=selected]$INFO[system.addontitle(Skin.String(HomeVideosButton3))][/COLOR]</label2>
							<textcolor>grey2</textcolor>
							<focusedcolor>white</focusedcolor>
							<texturefocus>MenuItemFO.png</texturefocus>
							<texturenofocus>MenuItemNF.png</texturenofocus>
							<onclick>Skin.SetAddon(HomeVideosButton3,xbmc.addon.video,xbmc.addon.executable)</onclick>
						</control>
						<control type="button" id="414">
							<width>750</width>
							<height>40</height>
							<font>font13</font>
							<label>$LOCALIZE[24000] [B]4[/B]</label>
							<label2>[COLOR=selected]$INFO[system.addontitle(Skin.String(HomeVideosButton4))][/COLOR]</label2>
							<textcolor>grey2</textcolor>
							<focusedcolor>white</focusedcolor>
							<texturefocus>MenuItemFO.png</texturefocus>
							<texturenofocus>MenuItemNF.png</texturenofocus>
							<onclick>Skin.SetAddon(HomeVideosButton4,xbmc.addon.video,xbmc.addon.executable)</onclick>
						</control>
						<control type="button" id="415">
							<width>750</width>
							<height>40</height>
							<font>font13</font>
							<label>$LOCALIZE[24000] [B]5[/B]</label>
							<label2>[COLOR=selected]$INFO[system.addontitle(Skin.String(HomeVideosButton5))][/COLOR]</label2>
							<textcolor>grey2</textcolor>
							<focusedcolor>white</focusedcolor>
							<texturefocus>MenuItemFO.png</texturefocus>
							<texturenofocus>MenuItemNF.png</texturenofocus>
							<onclick>Skin.SetAddon(HomeVideosButton5,xbmc.addon.video,xbmc.addon.executable)</onclick>
						</control>
						<control type="button" id="416">
							<width>750</width>
							<height>40</height>
							<font>font13</font>
							<label>$LOCALIZE[24000] [B]6[/B]</label>
							<label2>[COLOR=selected]$INFO[system.addontitle(Skin.String(HomeVideosButton6))][/COLOR]</label2>
							<textcolor>grey2</textcolor>
							<focusedcolor>white</focusedcolor>
							<texturefocus>MenuItemFO.png</texturefocus>
							<texturenofocus>MenuItemNF.png</texturenofocus>
							<onclick>Skin.SetAddon(HomeVideosButton6,xbmc.addon.video,xbmc.addon.executable)</onclick>
						</control>
						<control type="button" id="417">
							<width>750</width>
							<height>40</height>
							<font>font13</font>
							<label>$LOCALIZE[24000] [B]7[/B]</label>
							<label2>[COLOR=selected]$INFO[system.addontitle(Skin.String(HomeVideosButton7))][/COLOR]</label2>
							<textcolor>grey2</textcolor>
							<focusedcolor>white</focusedcolor>
							<texturefocus>MenuItemFO.png</texturefocus>
							<texturenofocus>MenuItemNF.png</texturenofocus>
							<onclick>Skin.SetAddon(HomeVideosButton7,xbmc.addon.video,xbmc.addon.executable)</onclick>
						</control>
						<control type="label" id="420">
							<width>750</width>
							<height>45</height>
							<font>font13_title</font>
							<label>31135</label>
							<textcolor>blue</textcolor>
							<shadowcolor>black</shadowcolor>
							<align>left</align>
							<aligny>center</aligny>
						</control>
						<control type="button" id="421">
							<width>750</width>
							<height>40</height>
							<font>font13</font>
							<label>$LOCALIZE[24000] [B]1[/B]</label>
							<label2>[COLOR=selected]$INFO[system.addontitle(Skin.String(HomeMusicButton1))][/COLOR]</label2>
							<textcolor>grey2</textcolor>
							<focusedcolor>white</focusedcolor>
							<texturefocus>MenuItemFO.png</texturefocus>
							<texturenofocus>MenuItemNF.png</texturenofocus>
							<onclick>Skin.SetAddon(HomeMusicButton1,xbmc.addon.audio,xbmc.addon.executable)</onclick>
						</control>
						<control type="button" id="422">
							<width>750</width>
							<height>40</height>
							<font>font13</font>
							<label>$LOCALIZE[24000] [B]2[/B]</label>
							<label2>[COLOR=selected]$INFO[system.addontitle(Skin.String(HomeMusicButton2))][/COLOR]</label2>
							<textcolor>grey2</textcolor>
							<focusedcolor>white</focusedcolor>
							<texturefocus>MenuItemFO.png</texturefocus>
							<texturenofocus>MenuItemNF.png</texturenofocus>
							<onclick>Skin.SetAddon(HomeMusicButton2,xbmc.addon.audio,xbmc.addon.executable)</onclick>
						</control>
						<control type="button" id="423">
							<width>750</width>
							<height>40</height>
							<font>font13</font>
							<label>$LOCALIZE[24000] [B]3[/B]</label>
							<label2>[COLOR=selected]$INFO[system.addontitle(Skin.String(HomeMusicButton3))][/COLOR]</label2>
							<textcolor>grey2</textcolor>
							<focusedcolor>white</focusedcolor>
							<texturefocus>MenuItemFO.png</texturefocus>
							<texturenofocus>MenuItemNF.png</texturenofocus>
							<onclick>Skin.SetAddon(HomeMusicButton3,xbmc.addon.audio,xbmc.addon.executable)</onclick>
						</control>
						<control type="button" id="424">
							<width>750</width>
							<height>40</height>
							<font>font13</font>
							<label>$LOCALIZE[24000] [B]4[/B]</label>
							<label2>[COLOR=selected]$INFO[system.addontitle(Skin.String(HomeMusicButton4))][/COLOR]</label2>
							<textcolor>grey2</textcolor>
							<focusedcolor>white</focusedcolor>
							<texturefocus>MenuItemFO.png</texturefocus>
							<texturenofocus>MenuItemNF.png</texturenofocus>
							<onclick>Skin.SetAddon(HomeMusicButton4,xbmc.addon.audio,xbmc.addon.executable)</onclick>
						</control>
						<control type="button" id="425">
							<width>750</width>
							<height>40</height>
							<font>font13</font>
							<label>$LOCALIZE[24000] [B]5[/B]</label>
							<label2>[COLOR=selected]$INFO[system.addontitle(Skin.String(HomeMusicButton5))][/COLOR]</label2>
							<textcolor>grey2</textcolor>
							<focusedcolor>white</focusedcolor>
							<texturefocus>MenuItemFO.png</texturefocus>
							<texturenofocus>MenuItemNF.png</texturenofocus>
							<onclick>Skin.SetAddon(HomeMusicButton5,xbmc.addon.audio,xbmc.addon.executable)</onclick>
						</control>
						<control type="button" id="426">
							<width>750</width>
							<height>40</height>
							<font>font13</font>
							<label>$LOCALIZE[24000] [B]6[/B]</label>
							<label2>[COLOR=selected]$INFO[system.addontitle(Skin.String(HomeMusicButton6))][/COLOR]</label2>
							<textcolor>grey2</textcolor>
							<focusedcolor>white</focusedcolor>
							<texturefocus>MenuItemFO.png</texturefocus>
							<texturenofocus>MenuItemNF.png</texturenofocus>
							<onclick>Skin.SetAddon(HomeMusicButton6,xbmc.addon.audio,xbmc.addon.executable)</onclick>
						</control>
						<control type="button" id="427">
							<width>750</width>
							<height>40</height>
							<font>font13</font>
							<label>$LOCALIZE[24000] [B]7[/B]</label>
							<label2>[COLOR=selected]$INFO[system.addontitle(Skin.String(HomeMusicButton7))][/COLOR]</label2>
							<textcolor>grey2</textcolor>
							<focusedcolor>white</focusedcolor>
							<texturefocus>MenuItemFO.png</texturefocus>
							<texturenofocus>MenuItemNF.png</texturenofocus>
							<onclick>Skin.SetAddon(HomeMusicButton7,xbmc.addon.audio,xbmc.addon.executable)</onclick>
						</control>
						<control type="label" id="430">
							<width>750</width>
							<height>45</height>
							<font>font13_title</font>
							<label>31136</label>
							<textcolor>blue</textcolor>
							<shadowcolor>black</shadowcolor>
							<align>left</align>
							<aligny>center</aligny>
						</control>
						<control type="button" id="431">
							<width>750</width>
							<height>40</height>
							<font>font13</font>
							<label>$LOCALIZE[24000] [B]1[/B]</label>
							<label2>[COLOR=selected]$INFO[system.addontitle(Skin.String(HomePictureButton1))][/COLOR]</label2>
							<textcolor>grey2</textcolor>
							<focusedcolor>white</focusedcolor>
							<texturefocus>MenuItemFO.png</texturefocus>
							<texturenofocus>MenuItemNF.png</texturenofocus>
							<onclick>Skin.SetAddon(HomePictureButton1,xbmc.addon.image,xbmc.addon.executable)</onclick>
						</control>
						<control type="button" id="432">
							<width>750</width>
							<height>40</height>
							<font>font13</font>
							<label>$LOCALIZE[24000] [B]2[/B]</label>
							<label2>[COLOR=selected]$INFO[system.addontitle(Skin.String(HomePictureButton2))][/COLOR]</label2>
							<textcolor>grey2</textcolor>
							<focusedcolor>white</focusedcolor>
							<texturefocus>MenuItemFO.png</texturefocus>
							<texturenofocus>MenuItemNF.png</texturenofocus>
							<onclick>Skin.SetAddon(HomePictureButton2,xbmc.addon.image,xbmc.addon.executable)</onclick>
						</control>
						<control type="button" id="433">
							<width>750</width>
							<height>40</height>
							<font>font13</font>
							<label>$LOCALIZE[24000] [B]3[/B]</label>
							<label2>[COLOR=selected]$INFO[system.addontitle(Skin.String(HomePictureButton3))][/COLOR]</label2>
							<textcolor>grey2</textcolor>
							<focusedcolor>white</focusedcolor>
							<texturefocus>MenuItemFO.png</texturefocus>
							<texturenofocus>MenuItemNF.png</texturenofocus>
							<onclick>Skin.SetAddon(HomePictureButton3,xbmc.addon.image,xbmc.addon.executable)</onclick>
						</control>
						<control type="button" id="434">
							<width>750</width>
							<height>40</height>
							<font>font13</font>
							<label>$LOCALIZE[24000] [B]4[/B]</label>
							<label2>[COLOR=selected]$INFO[system.addontitle(Skin.String(HomePictureButton4))][/COLOR]</label2>
							<textcolor>grey2</textcolor>
							<focusedcolor>white</focusedcolor>
							<texturefocus>MenuItemFO.png</texturefocus>
							<texturenofocus>MenuItemNF.png</texturenofocus>
							<onclick>Skin.SetAddon(HomePictureButton4,xbmc.addon.image,xbmc.addon.executable)</onclick>
						</control>
						<control type="button" id="435">
							<width>750</width>
							<height>40</height>
							<font>font13</font>
							<label>$LOCALIZE[24000] [B]5[/B]</label>
							<label2>[COLOR=selected]$INFO[system.addontitle(Skin.String(HomePictureButton5))][/COLOR]</label2>
							<textcolor>grey2</textcolor>
							<focusedcolor>white</focusedcolor>
							<texturefocus>MenuItemFO.png</texturefocus>
							<texturenofocus>MenuItemNF.png</texturenofocus>
							<onclick>Skin.SetAddon(HomePictureButton5,xbmc.addon.image,xbmc.addon.executable)</onclick>
						</control>
						<control type="button" id="436">
							<width>750</width>
							<height>40</height>
							<font>font13</font>
							<label>$LOCALIZE[24000] [B]6[/B]</label>
							<label2>[COLOR=selected]$INFO[system.addontitle(Skin.String(HomePictureButton6))][/COLOR]</label2>
							<textcolor>grey2</textcolor>
							<focusedcolor>white</focusedcolor>
							<texturefocus>MenuItemFO.png</texturefocus>
							<texturenofocus>MenuItemNF.png</texturenofocus>
							<onclick>Skin.SetAddon(HomePictureButton6,xbmc.addon.image,xbmc.addon.executable)</onclick>
						</control>
						<control type="button" id="437">
							<width>750</width>
							<height>40</height>
							<font>font13</font>
							<label>$LOCALIZE[24000] [B]7[/B]</label>
							<label2>[COLOR=selected]$INFO[system.addontitle(Skin.String(HomePictureButton7))][/COLOR]</label2>
							<textcolor>grey2</textcolor>
							<focusedcolor>white</focusedcolor>
							<texturefocus>MenuItemFO.png</texturefocus>
							<texturenofocus>MenuItemNF.png</texturenofocus>
							<onclick>Skin.SetAddon(HomePictureButton7,xbmc.addon.image,xbmc.addon.executable)</onclick>
						</control>
						<control type="label" id="440">
							<width>750</width>
							<height>45</height>
							<font>font13_title</font>
							<label>31118</label>
							<textcolor>blue</textcolor>
							<shadowcolor>black</shadowcolor>
							<align>left</align>
							<aligny>center</aligny>
						</control>
						<control type="button" id="441">
							<width>750</width>
							<height>40</height>
							<font>font13</font>
							<label>$LOCALIZE[24000] [B]1[/B]</label>
							<label2>[COLOR=selected]$INFO[system.addontitle(Skin.String(HomeProgramButton1))][/COLOR]</label2>
							<textcolor>grey2</textcolor>
							<focusedcolor>white</focusedcolor>
							<texturefocus>MenuItemFO.png</texturefocus>
							<texturenofocus>MenuItemNF.png</texturenofocus>
							<onclick>Skin.SetAddon(HomeProgramButton1,xbmc.addon.executable)</onclick>
						</control>
						<control type="button" id="442">
							<width>750</width>
							<height>40</height>
							<font>font13</font>
							<label>$LOCALIZE[24000] [B]2[/B]</label>
							<label2>[COLOR=selected]$INFO[system.addontitle(Skin.String(HomeProgramButton2))][/COLOR]</label2>
							<textcolor>grey2</textcolor>
							<focusedcolor>white</focusedcolor>
							<texturefocus>MenuItemFO.png</texturefocus>
							<texturenofocus>MenuItemNF.png</texturenofocus>
							<onclick>Skin.SetAddon(HomeProgramButton2,xbmc.addon.executable)</onclick>
						</control>
						<control type="button" id="443">
							<width>750</width>
							<height>40</height>
							<font>font13</font>
							<label>$LOCALIZE[24000] [B]3[/B]</label>
							<label2>[COLOR=selected]$INFO[system.addontitle(Skin.String(HomeProgramButton3))][/COLOR]</label2>
							<textcolor>grey2</textcolor>
							<focusedcolor>white</focusedcolor>
							<texturefocus>MenuItemFO.png</texturefocus>
							<texturenofocus>MenuItemNF.png</texturenofocus>
							<onclick>Skin.SetAddon(HomeProgramButton3,xbmc.addon.executable)</onclick>
						</control>
						<control type="button" id="444">
							<width>750</width>
							<height>40</height>
							<font>font13</font>
							<label>$LOCALIZE[24000] [B]4[/B]</label>
							<label2>[COLOR=selected]$INFO[system.addontitle(Skin.String(HomeProgramButton4))][/COLOR]</label2>
							<textcolor>grey2</textcolor>
							<focusedcolor>white</focusedcolor>
							<texturefocus>MenuItemFO.png</texturefocus>
							<texturenofocus>MenuItemNF.png</texturenofocus>
							<onclick>Skin.SetAddon(HomeProgramButton4,xbmc.addon.executable)</onclick>
						</control>
						<control type="button" id="445">
							<width>750</width>
							<height>40</height>
							<font>font13</font>
							<label>$LOCALIZE[24000] [B]5[/B]</label>
							<label2>[COLOR=selected]$INFO[system.addontitle(Skin.String(HomeProgramButton5))][/COLOR]</label2>
							<textcolor>grey2</textcolor>
							<focusedcolor>white</focusedcolor>
							<texturefocus>MenuItemFO.png</texturefocus>
							<texturenofocus>MenuItemNF.png</texturenofocus>
							<onclick>Skin.SetAddon(HomeProgramButton5,xbmc.addon.executable)</onclick>
						</control>
						<control type="button" id="446">
							<width>750</width>
							<height>40</height>
							<font>font13</font>
							<label>$LOCALIZE[24000] [B]6[/B]</label>
							<label2>[COLOR=selected]$INFO[system.addontitle(Skin.String(HomeProgramButton6))][/COLOR]</label2>
							<textcolor>grey2</textcolor>
							<focusedcolor>white</focusedcolor>
							<texturefocus>MenuItemFO.png</texturefocus>
							<texturenofocus>MenuItemNF.png</texturenofocus>
							<onclick>Skin.SetAddon(HomeProgramButton6,xbmc.addon.executable)</onclick>
						</control>
						<control type="button" id="447">
							<width>750</width>
							<height>40</height>
							<font>font13</font>
							<label>$LOCALIZE[24000] [B]7[/B]</label>
							<label2>[COLOR=selected]$INFO[system.addontitle(Skin.String(HomeProgramButton7))][/COLOR]</label2>
							<textcolor>grey2</textcolor>
							<focusedcolor>white</focusedcolor>
							<texturefocus>MenuItemFO.png</texturefocus>
							<texturenofocus>MenuItemNF.png</texturenofocus>
							<onclick>Skin.SetAddon(HomeProgramButton7,xbmc.addon.executable)</onclick>
						</control>
						
					</control>
				</control>
				<control type="scrollbar" id="61">
					<posx>1060</posx>
					<posy>60</posy>
					<width>25</width>
					<height>530</height>
					<texturesliderbackground border="0,14,0,14">ScrollBarV.png</texturesliderbackground>
					<texturesliderbar border="0,14,0,14">ScrollBarV_bar.png</texturesliderbar>
					<texturesliderbarfocus border="0,14,0,14">ScrollBarV_bar_focus.png</texturesliderbarfocus>
					<textureslidernib>ScrollBarNib.png</textureslidernib>
					<textureslidernibfocus>ScrollBarNib.png</textureslidernibfocus>
					<onleft>9004</onleft>
					<onright>9000</onright>
					<showonepage>false</showonepage>
					<orientation>vertical</orientation>
					<visible>Container(9000).Hasfocus(4)</visible>
				</control>
				<control type="grouplist" id="9102">
					 <!--THE SKINTEGRATION SECTION-->
					<visible>Container(9000).Hasfocus(5)</visible>
					<posx>290</posx>
					<posy>60</posy>
					<width>750</width>
					<height>530</height>
					<itemgap>-1</itemgap>
					<pagecontrol>63</pagecontrol>
					<onleft>9000</onleft>
					<onright>9102</onright>
					<onup>9004</onup>
					<ondown>9101</ondown>
					<control type="label" id="906">
						<width>750</width>
						<height>45</height>
						<font>font13_title</font>
						<label>41928</label>
						<textcolor>$INFO[Skin.String(MainMenuText_color)]</textcolor>
						<shadowcolor>black</shadowcolor>
						<align>right</align>
					</control>
					<control type="label" id="907">
						<width>750</width>
						<height>45</height>
						<font>font13_title</font>
						<label>41929</label>
						<textcolor>$INFO[Skin.String(MainMenuText_color)]</textcolor>
						<shadowcolor>black</shadowcolor>
						<align>left</align>
						<aligny>center</aligny>
					</control>
					<control type="radiobutton" id="908">
						<width>750</width>
						<height>40</height>
						<font>font13_title</font>
						<label>41930</label>
						<texturefocus>focus.png</texturefocus>
						<colordiffuse>$INFO[Skin.String(Focus_color)]</colordiffuse>
						<textureradioon>on.png</textureradioon>
						<texturenofocus></texturenofocus>
						<onclick>Skin.ToggleSetting(ShowAddon1_bttn)</onclick>
						<selected>Skin.HasSetting(ShowAddon1_bttn)</selected>
					</control>
					<control type="radiobutton" id="909">
						<width>750</width>
						<height>40</height>
						<font>font13_title</font>
						<label>41931</label>
						<texturefocus>focus.png</texturefocus>
						<textureradioon>on.png</textureradioon>
						<texturenofocus></texturenofocus>
						<colordiffuse>$INFO[Skin.String(Focus_color)]</colordiffuse>
						<onclick>Skin.ToggleSetting(ShowAddon2_bttn)</onclick>
						<selected>Skin.HasSetting(ShowAddon2_bttn)</selected>
					</control>
					<control type="radiobutton" id="910">
						<width>750</width>
						<height>40</height>
						<font>font13_title</font>
						<label>41932</label>
						<texturefocus>focus.png</texturefocus>
						<textureradioon>on.png</textureradioon>
						<colordiffuse>$INFO[Skin.String(Focus_color)]</colordiffuse>
						<texturenofocus></texturenofocus>
						<onclick>Skin.ToggleSetting(ShowAddon3_bttn)</onclick>
						<selected>Skin.HasSetting(ShowAddon3_bttn)</selected>
						<ondown>908</ondown>
					</control>
					<control type="radiobutton" id="911">
						<width>750</width>
						<height>40</height>
						<font>font13_title</font>
						<label>41933</label>
						<texturefocus>focus.png</texturefocus>
						<textureradioon>on.png</textureradioon>
						<colordiffuse>$INFO[Skin.String(Focus_color)]</colordiffuse>
						<texturenofocus></texturenofocus>
						<onclick>Skin.ToggleSetting(ShowAddon4_bttn)</onclick>
						<selected>Skin.HasSetting(ShowAddon4_bttn)</selected>
						<ondown>908</ondown>
					</control>
					<control type="label" id="912">
						<width>750</width>
						<height>45</height>
						<font>font13_title</font>
						<label>41934</label>
						<textcolor>$INFO[Skin.String(MainMenuText_color)]</textcolor>
						<shadowcolor>black</shadowcolor>
						<align>left</align>
						<aligny>center</aligny>
					</control>
					<control type="button" id="913">
						<description>Choose Background Colour Button</description>
						<posx>980</posx>
						<posy>11</posy>
						<width>800</width>
						<height>32</height>
						<label>41935</label>
						<font>font13_title</font>
						<onclick>ActivateWindow(1113)</onclick>
						<onclick>Skin.SetString(Background_color,$INFO[Skin.String(colortexture)])</onclick>
						<onclick>Skin.setBool(Background_color)</onclick>
						<texturefocus>focus.png</texturefocus>
						<colordiffuse>$INFO[Skin.String(Focus_color)]</colordiffuse>
						<texturenofocus></texturenofocus>
					</control>
					<control type="button" id="914">
						<description>Choose Home Menu Background Colour Button</description>
						<posx>980</posx>
						<posy>11</posy>
						<width>800</width>
						<height>32</height>
						<label>41936</label>
						<font>font13_title</font>
						<onclick>ActivateWindow(1113)</onclick>
						<onclick>Skin.SetString(HomeBackground_color,$INFO[Skin.String(colortexture)])</onclick>
						<onclick>Skin.setBool(HomeBackground_color)</onclick>
						<texturefocus>focus.png</texturefocus>
						<colordiffuse>$INFO[Skin.String(Focus_color)]</colordiffuse>
						<texturenofocus></texturenofocus>
					</control>
					<control type="button" id="915">
						<description>Choose Home Floor Background Colour Button</description>
						<posx>980</posx>
						<posy>11</posy>
						<width>800</width>
						<height>32</height>
						<label>41937</label>
						<font>font13_title</font>
						<onclick>ActivateWindow(1113)</onclick>
						<onclick>Skin.SetString(HomeFloor_color,$INFO[Skin.String(colortexture)])</onclick>
						<onclick>Skin.setBool(HomeFloor_color)</onclick>
						<texturefocus>focus.png</texturefocus>
						<colordiffuse>$INFO[Skin.String(Focus_color)]</colordiffuse>
						<texturenofocus></texturenofocus>
					</control>
					<control type="button" id="916">
						<description>Choose Logo Colour Button</description>
						<posx>980</posx>
						<posy>11</posy>
						<width>800</width>
						<height>32</height>
						<label>41938</label>
						<font>font13_title</font>
						<onclick>ActivateWindow(1113)</onclick>
						<onclick>Skin.SetString(Logo_color,$INFO[Skin.String(colortexture)])</onclick>
						<onclick>Skin.setBool(Logo_color)</onclick>
						<texturefocus>focus.png</texturefocus>
						<colordiffuse>$INFO[Skin.String(Focus_color)]</colordiffuse>
						<texturenofocus></texturenofocus>
					</control>
					<control type="button" id="917">
						<description>Choose Focus Colour Button</description>
						<posx>980</posx>
						<posy>11</posy>
						<width>800</width>
						<height>32</height>
						<label>41939</label>
						<font>font13_title</font>
						<onclick>ActivateWindow(1113)</onclick>
						<onclick>Skin.SetString(Focus_color,$INFO[Skin.String(colortexture)])</onclick>
						<onclick>Skin.setBool(Focus_color)</onclick>
						<texturefocus>focus.png</texturefocus>
						<colordiffuse>$INFO[Skin.String(Focus_color)]</colordiffuse>
						<texturenofocus></texturenofocus>
					</control>
					<control type="button" id="918">
						<description>Choose Main Menu Text Colour Button</description>
						<posx>980</posx>
						<posy>11</posy>
						<width>800</width>
						<height>32</height>
						<label>41940</label>
						<font>font13_title</font>
						<onclick>ActivateWindow(1113)</onclick>
						<onclick>Skin.SetString(MainMenuText_color,$INFO[Skin.String(colortexture)])</onclick> 
						<onclick>Skin.setBool(MainMenuText_color)</onclick>
						<texturefocus>focus.png</texturefocus>
						<colordiffuse>$INFO[Skin.String(Focus_color)]</colordiffuse>
						<texturenofocus></texturenofocus>
					</control>
					<control type="button" id="919">
						<description>Choose Focus Menu Text Colour Button</description>
						<posx>980</posx>
						<posy>11</posy>
						<width>800</width>
						<height>32</height>
						<label>41941</label>
						<font>font13_title</font>
						<onclick>ActivateWindow(1113)</onclick>
						<onclick>Skin.SetString(FocusedMenuText_color,$INFO[Skin.String(colortexture)])</onclick>
						<onclick>Skin.setBool(FocusedMenuText_color)</onclick>
						<texturefocus>focus.png</texturefocus>
						<colordiffuse>$INFO[Skin.String(Focus_color)]</colordiffuse>
						<texturenofocus></texturenofocus>
					</control>
					<control type="button" id="920">
						<description>Reset Skin colours button</description>
						<posx>980</posx>
						<posy>11</posy>
						<width>800</width>
						<height>32</height>
						<label>41942</label>
						<font>font13_title</font>
						<onclick>Skin.SetString(Background_color,ff0062db)</onclick>
						<onclick>Skin.SetString(Logo_color,FFE6EDFF)</onclick>
						<onclick>Skin.SetString(Focus_color,ff4244ff)</onclick>
						<onclick>Skin.SetString(MainMenuText_color,ff004aff)</onclick>
						<onclick>Skin.SetString(FocusedMenuText_color,ff0082d5)</onclick>
						<onclick>Skin.SetString(HomeFloor_color,FFD1D1D1)</onclick>
						<onclick>Skin.SetString(HomeBackground_color,FFD1D1D1)</onclick>
						<onclick>Skin.ToggleSetting(ResetHomeBack)</onclick>
						<texturefocus>focus.png</texturefocus>
						<colordiffuse>$INFO[Skin.String(Focus_color)]</colordiffuse>
						<texturenofocus></texturenofocus>
					</control>
					<control type="button" id="921">
						<description>Reset Skin to xbmc button</description>
						<posx>980</posx>
						<posy>11</posy>
						<width>800</width>
						<height>32</height>
						<label>41943</label>
						<font>font13_title</font>
						<onclick>Skin.SetString(Background_color,FFFFFFFF)</onclick>
						<onclick>Skin.SetString(ResetHomeBack,Voinage)</onclick>
						<onclick>Skin.SetBool(ResetHomeBack)</onclick>
						<onclick>Skin.SetString(Logo_color,FFFFFFFF)</onclick>
						<onclick>Skin.SetString(Focus_color,ff4244ff)</onclick>
						<onclick>Skin.SetString(MainMenuText_color,blue)</onclick>
						<onclick>Skin.SetString(FocusedMenuText_color,grey)</onclick>
						<onclick>Skin.SetString(HomeFloor_color,FFFFFFFF)</onclick>
						<onclick>Skin.SetString(HomeBackground_color,FFFFFFFF)</onclick>
						<texturefocus>focus.png</texturefocus>
						<colordiffuse>$INFO[Skin.String(Focus_color)]</colordiffuse>
						<texturenofocus></texturenofocus>
					</control>
					<control type="label" id="922">
						<width>750</width>
						<height>45</height>
						<font>font13_title</font>
						<label>41944</label>
						<textcolor>$INFO[Skin.String(MainMenuText_color)]</textcolor>
						<shadowcolor>black</shadowcolor>
						<align>left</align>
						<aligny>center</aligny>
					</control>
					<control type="radiobutton" id="923">
						<width>750</width>
						<height>40</height>
						<label>41945</label>
						<font>font13_title</font>
						<texturefocus>focus.png</texturefocus>
						<textureradioon>on.png</textureradioon>
						<colordiffuse>$INFO[Skin.String(Focus_color)]</colordiffuse>
						<texturenofocus></texturenofocus>
						<onclick>Skin.ToggleSetting(Hide_logo)</onclick>
						<selected>Skin.HasSetting(Hide_logo)</selected>
					</control>
					<control type="radiobutton" id="924">
						<width>750</width>
						<height>40</height>
						<label>41946</label>
						<font>font13_title</font>
						<texturefocus>focus.png</texturefocus>
						<textureradioon>on.png</textureradioon>
						<colordiffuse>$INFO[Skin.String(Focus_color)]</colordiffuse>
						<texturenofocus></texturenofocus>
						<onclick>Skin.ToggleSetting(Swap_clock)</onclick>
						<selected>Skin.HasSetting(Swap_clock)</selected>
					</control>
					<control type="button" id="925">
						<width>750</width>
						<height>40</height>
						<label>41947</label>
						<label2>[COLOR=selected]$INFO[Skin.String(CustomClockPath)][/COLOR]</label2>
						<font>font13_title</font>
						<texturefocus>focus.png</texturefocus>
						<colordiffuse>$INFO[Skin.String(Focus_color)]</colordiffuse>
						<texturenofocus></texturenofocus>
						<onclick>Skin.SetImage(CustomClockPath)</onclick>
						<enable>Skin.HasSetting(Swap_clock)</enable>
					</control>
					<control type="button" id="926">
						<description>Choose Clock Face Colour Button</description>
						<posx>980</posx>
						<posy>11</posy>
						<width>800</width>
						<height>32</height>
						<label>41948</label>
						<font>font13_title</font>
						<onclick>ActivateWindow(1113)</onclick>
						<onclick>Skin.SetString(ClockFace_color,$INFO[Skin.String(colortexture)])</onclick> 
						<onclick>Skin.setBool(ClockFace_color)</onclick>
						<texturefocus>focus.png</texturefocus>
						<colordiffuse>$INFO[Skin.String(Focus_color)]</colordiffuse>
						<texturenofocus></texturenofocus>
					</control>
					<control type="button" id="927">
						<description>Choose Clock Hands Colour Button</description>
						<posx>980</posx>
						<posy>11</posy>
						<width>800</width>
						<height>32</height>
						<label>41949</label>
						<font>font13_title</font>
						<onclick>ActivateWindow(1113)</onclick>
						<onclick>Skin.SetString(ClockHands_color,$INFO[Skin.String(colortexture)])</onclick>
						<onclick>Skin.setBool(ClockHands_color)</onclick>
						<texturefocus>focus.png</texturefocus>
						<colordiffuse>$INFO[Skin.String(Focus_color)]</colordiffuse>
						<texturenofocus></texturenofocus>
					</control>
					<control type="button" id="928">
						<description>Restore Clock Defaults</description>
						<posx>980</posx>
						<posy>11</posy>
						<width>800</width>
						<height>32</height>
						<label>41950</label>
						<font>font13_title</font>
						<onclick>Skin.SetString(CustomClockPath,-)</onclick>
						<texturefocus>focus.png</texturefocus>
						<colordiffuse>$INFO[Skin.String(Focus_color)]</colordiffuse>
						<texturenofocus></texturenofocus>
					</control>
					<control type="button" id="929">
						<description>Restore Splash Button</description>
						<posx>980</posx>
						<posy>11</posy>
						<width>800</width>
						<height>32</height>
						<label>41951</label>
						<font>font13_title</font>
						<onclick>ActivateWindow(Videos,plugin://plugin.video.hubmaintenance/?url=special://home/media/Splash.png&mode=2002,return)</onclick>
						<onclick>ActivateWindowAndFocus(skinSettings.xml,9000,4,4,4)</onclick>
						<texturefocus>focus.png</texturefocus>
						<colordiffuse>$INFO[Skin.String(Focus_color)]</colordiffuse>
						<texturenofocus></texturenofocus>
					</control>
					<control type="radiobutton" id="930">
						<width>750</width>
						<height>40</height>
						<label>41952</label>
						<font>font13_title</font>
						<texturefocus>focus.png</texturefocus>
						<textureradioon>on.png</textureradioon>
						<texturenofocus></texturenofocus>
						<colordiffuse>$INFO[Skin.String(Focus_color)]</colordiffuse>
						<onclick>Skin.ToggleSetting(UseCustomLogo)</onclick>
						<selected>Skin.HasSetting(UseCustomLogo)</selected>
						<onclick>Skin.SetString(Logo_color,FFFFFFFF)</onclick>
					</control>
					<control type="button" id="931">
						<width>750</width>
						<height>40</height>
						<label>41953</label>
						<label2>[COLOR=selected]$INFO[Skin.String(CustomLogoPath)][/COLOR]</label2>
						<font>font13_title</font>
						<texturefocus>focus.png</texturefocus>
						<colordiffuse>$INFO[Skin.String(Focus_color)]</colordiffuse>
						<texturenofocus></texturenofocus>
						<onclick>Skin.SetImage(CustomLogoPath)</onclick>
						<enable>Skin.HasSetting(UseCustomLogo)</enable>
					</control>
					<control type="radiobutton" id="932">
						<width>750</width>
						<height>40</height>
						<label>41954</label>
						<textureradioon>on.png</textureradioon>
						<font>font13_title</font>
						<texturefocus>focus.png</texturefocus>
						<colordiffuse>$INFO[Skin.String(Focus_color)]</colordiffuse>
						<texturenofocus></texturenofocus>
						<onclick>Skin.ToggleSetting(UseCustomBackground)</onclick>
						<selected>Skin.HasSetting(UseCustomBackground)</selected>
						<onclick>Skin.SetString(Background_color,FFFFFFFF)</onclick>
					</control>
					<control type="button" id="933">
						<width>750</width>
						<height>40</height>
						<label>41955</label>
						<label2>[COLOR=selected]$INFO[Skin.String(CustomBackgroundPath)][/COLOR]</label2>
						<font>font13_title</font>
						<texturefocus>focus.png</texturefocus>
						<colordiffuse>$INFO[Skin.String(Focus_color)]</colordiffuse>
						<texturenofocus></texturenofocus>
						<onclick>Skin.SetImage(CustomBackgroundPath)</onclick>
						<enable>Skin.HasSetting(UseCustomBackground)</enable>
					</control>
					<control type="radiobutton" id="934">
						<width>750</width>
						<height>40</height>
						<label>41956</label>
						<font>font13_title</font>
						<texturefocus>focus.png</texturefocus>
						<textureradioon>on.png</textureradioon>
						<colordiffuse>$INFO[Skin.String(Focus_color)]</colordiffuse>
						<texturenofocus></texturenofocus>
						<onclick>Skin.ToggleSetting(UseCustomHomeBackground)</onclick>
						<selected>Skin.HasSetting(UseCustomHomeBackground)</selected>
						<onclick>Skin.SetString(HomeBackground_color,FFFFFFFF)</onclick>
					</control>
					<control type="button" id="935">
						<width>750</width>
						<height>40</height>
						<label>41957</label>
						<label2>[COLOR=selected]$INFO[Skin.String(CustomHomeBackgroundPath)][/COLOR]</label2>
						<font>font13_title</font>
						<texturefocus>focus.png</texturefocus>
						<colordiffuse>$INFO[Skin.String(Focus_color)]</colordiffuse>
						<texturenofocus></texturenofocus>
						<onclick>Skin.SetImage(CustomHomeBackgroundPath)</onclick>
						<enable>Skin.HasSetting(UseCustomHomeBackground)</enable>
					</control>
					<control type="radiobutton" id="936">
						<width>750</width>
						<height>40</height>
						<label>41958</label>
						<font>font13_title</font>
						<texturefocus>focus.png</texturefocus>
						<textureradioon>on.png</textureradioon>
						<colordiffuse>$INFO[Skin.String(Focus_color)]</colordiffuse>
						<texturenofocus></texturenofocus>
						<onclick>Skin.ToggleSetting(UseCustomHomeFloor)</onclick>
						<selected>Skin.HasSetting(UseCustomHomeFloor)</selected>
						<onclick>Skin.SetString(HomeFloor_color,FFFFFFFF)</onclick>
					</control>
					<control type="button" id="937">
						<width>750</width>
						<height>40</height>
						<label>41959</label>
						<label2>[COLOR=selected]$INFO[Skin.String(CustomHomeFloorPath)][/COLOR]</label2>
						<font>font13_title</font>
						<texturefocus>focus.png</texturefocus>
						<colordiffuse>$INFO[Skin.String(Focus_color)]</colordiffuse>
						<texturenofocus></texturenofocus>
						<onclick>Skin.SetImage(CustomHomeFloorPath)</onclick>
						<enable>Skin.HasSetting(UseCustomHomeFloor)</enable>
					</control>
				</control>
				<control type="scrollbar" id="63">
					<posx>1060</posx>
					<posy>60</posy>
					<width>25</width>
					<height>530</height>
					<texturesliderbackground border="0,14,0,14">ScrollBarV.png</texturesliderbackground>
					<texturesliderbar border="0,14,0,14">ScrollBarV_bar.png</texturesliderbar>
					<texturesliderbarfocus border="0,14,0,14">ScrollBarV_bar_focus.png</texturesliderbarfocus>
					<textureslidernib>ScrollBarNib.png</textureslidernib>
					<textureslidernibfocus>ScrollBarNib.png</textureslidernibfocus>
					<onleft>9001</onleft>
					<onright>9000</onright>
					<showonepage>false</showonepage>
					<orientation>vertical</orientation>
					<visible>Container(9000).Hasfocus(5)</visible>
				</control>
				<control type="grouplist" id="9109">
					<visible>Container(9000).Hasfocus(6)</visible>
					<posx>290</posx>
					<posy>60</posy>
					<width>750</width>
					<height>530</height>
					<itemgap>-1</itemgap>
					<pagecontrol>82</pagecontrol>
					<onleft>9000</onleft>
					<onright>1101</onright>
					<onup>9002</onup>
					<ondown>9001</ondown>
					<control type="label" id="990">
						<width>750</width>
						<height>45</height>
						<font>font13_title</font>
						<label>31106</label>
						<textcolor>blue</textcolor>
						<shadowcolor>black</shadowcolor>
						<align>left</align>
						<aligny>center</aligny>
					</control>
					<control type="radiobutton" id="991">
						<width>750</width>
						<height>40</height>
						<font>font13</font>
						<label>[COLOR blue]Hide[/COLOR] Movies</label>
						<texturefocus>focus.png</texturefocus>
						<textureradioon>on.png</textureradioon>
						<colordiffuse>$INFO[Skin.String(Focus_color)]</colordiffuse>
						<texturenofocus></texturenofocus>
						<onclick>Skin.ToggleSetting(SimplyMain_bttn)</onclick>
						<selected>Skin.HasSetting(SimplyMain_bttn)</selected>
					</control>
					<control type="radiobutton" id="992">
						<width>750</width>
						<height>40</height>
						<font>font13</font>
						<label>[COLOR blue]Hide[/COLOR] Movies Search</label>
						<texturefocus>focus.png</texturefocus>
						<textureradioon>on.png</textureradioon>
						<colordiffuse>$INFO[Skin.String(Focus_color)]</colordiffuse>
						<texturenofocus></texturenofocus>
						<onclick>Skin.ToggleSetting(SimplySearchMovie_bttn)</onclick>
						<selected>Skin.HasSetting(SimplySearchMovie_bttn)</selected>
					</control>
					<control type="radiobutton" id="993">
						<width>750</width>
						<height>40</height>
						<font>font13</font>
						<label>[COLOR blue]Hide[/COLOR] Tv</label>
						<texturefocus>focus.png</texturefocus>
						<textureradioon>on.png</textureradioon>
						<colordiffuse>$INFO[Skin.String(Focus_color)]</colordiffuse>
						<texturenofocus></texturenofocus>
						<onclick>Skin.ToggleSetting(SimplyMoviesGenre_bttn)</onclick>
						<selected>Skin.HasSetting(SimplyMoviesGenre_bttn)</selected>
					</control>
					<control type="radiobutton" id="994">
						<width>750</width>
						<height>40</height>
						<font>font13</font>
						<label>[COLOR blue]Hide[/COLOR] Tv Search</label>
						<texturefocus>focus.png</texturefocus>
						<textureradioon>on.png</textureradioon>
						<colordiffuse>$INFO[Skin.String(Focus_color)]</colordiffuse>
						<texturenofocus></texturenofocus>
						<onclick>Skin.ToggleSetting(SimplySearchTV_bttn)</onclick>
						<selected>Skin.HasSetting(SimplySearchTV_bttn)</selected>
					</control>
				
					
					<control type="radiobutton" id="998">
						<width>750</width>
						<height>40</height>
						<font>font13</font>
						<label>[COLOR blue]Hide[/COLOR] Live TV</label>
						<texturefocus>focus.png</texturefocus>
						<textureradioon>on.png</textureradioon>
						<colordiffuse>$INFO[Skin.String(Focus_color)]</colordiffuse>
						<texturenofocus></texturenofocus>
						<onclick>Skin.ToggleSetting(xunity.livetv)</onclick>
						<selected>Skin.HasSetting(xunity.livetv)</selected>
					</control>
					<control type="radiobutton" id="999">
						<width>750</width>
						<height>40</height>
						<font>font13</font>
						<label>[COLOR blue]Hide[/COLOR] iWatch</label>
						<texturefocus>focus.png</texturefocus>
						<textureradioon>on.png</textureradioon>
						<colordiffuse>$INFO[Skin.String(Focus_color)]</colordiffuse>
						<texturenofocus></texturenofocus>
						<onclick>Skin.ToggleSetting(xunity.iwatch)</onclick>
						<selected>Skin.HasSetting(xunity.iwatch)</selected>
					</control>
					
					<control type="radiobutton" id="996">
						<width>750</width>
						<height>40</height>
						<font>font13</font>
						<label>[COLOR blue]Hide[/COLOR] Bookmarks</label>
						<texturefocus>focus.png</texturefocus>
						<textureradioon>on.png</textureradioon>
						<colordiffuse>$INFO[Skin.String(Focus_color)]</colordiffuse>
						<texturenofocus></texturenofocus>
						<onclick>Skin.ToggleSetting(xunity.book)</onclick>
						<selected>Skin.HasSetting(xunity.book)</selected>
					</control>
					
					<control type="radiobutton" id="1000">
						<width>750</width>
						<height>40</height>
						<font>font13</font>
						<label>[COLOR blue]Hide[/COLOR] Tools</label>
						<texturefocus>focus.png</texturefocus>
						<textureradioon>on.png</textureradioon>
						<colordiffuse>$INFO[Skin.String(Focus_color)]</colordiffuse>
						<texturenofocus></texturenofocus>
						<onclick>Skin.ToggleSetting(xunity.tools)</onclick>
						<selected>Skin.HasSetting(xunity.tools)</selected>
					</control>
					
					<control type="radiobutton" id="997">
						<width>750</width>
						<height>40</height>
						<font>font13</font>
						<label>[COLOR blue]Hide[/COLOR] Settings</label>
						<texturefocus>focus.png</texturefocus>
						<textureradioon>on.png</textureradioon>
						<colordiffuse>$INFO[Skin.String(Focus_color)]</colordiffuse>
						<texturenofocus></texturenofocus>
						<onclick>Skin.ToggleSetting(SimplyTvGenre_bttn)</onclick>
						<selected>Skin.HasSetting(SimplyTvGenre_bttn)</selected>
					</control>
					
				</control>
				<control type="scrollbar" id="82">
					<posx>1060</posx>
					<posy>60</posy>
					<width>25</width>
					<height>530</height>
					<texturesliderbackground border="0,14,0,14">ScrollBarV.png</texturesliderbackground>
					<texturesliderbar border="0,14,0,14">ScrollBarV_bar.png</texturesliderbar>
					<texturesliderbarfocus border="0,14,0,14">ScrollBarV_bar_focus.png</texturesliderbarfocus>
					<textureslidernib>ScrollBarNib.png</textureslidernib>
					<textureslidernibfocus>ScrollBarNib.png</textureslidernibfocus>
					<onleft>9000</onleft>
					<onright>9000</onright>
					<showonepage>false</showonepage>
					<orientation>vertical</orientation>
					<visible>Container(9000).Hasfocus(6)</visible>
				</control>
				<control type="grouplist" id="9106">
					<visible>Container(9000).Hasfocus(7)</visible>
					<posx>290</posx>
					<posy>60</posy>
					<width>750</width>
					<height>530</height>
					<itemgap>-1</itemgap>
					<pagecontrol>80</pagecontrol>
					<onleft>9000</onleft>
					<onright>1101</onright>
					<onup>9002</onup>
					<ondown>9001</ondown>
					<control type="label" id="980">
						<width>750</width>
						<height>45</height>
						<font>font13_title</font>
						<label>31106</label>
						<textcolor>blue</textcolor>
						<shadowcolor>black</shadowcolor>
						<align>left</align>
						<aligny>center</aligny>
					</control>
					<control type="radiobutton" id="981">
						<width>750</width>
						<height>40</height>
						<font>font13</font>
						<label>41960</label>
						<texturefocus>focus.png</texturefocus>
						<textureradioon>on.png</textureradioon>
						<colordiffuse>$INFO[Skin.String(Focus_color)]</colordiffuse>
						<texturenofocus></texturenofocus>
						<onclick>Skin.ToggleSetting(ShowYousearch_bttn)</onclick>
						<selected>Skin.HasSetting(ShowYousearch_bttn)</selected>
					</control>
					<control type="radiobutton" id="982">
						<width>750</width>
						<height>40</height>
						<font>font13</font>
						<label>41961</label>
						<texturefocus>focus.png</texturefocus>
						<textureradioon>on.png</textureradioon>
						<colordiffuse>$INFO[Skin.String(Focus_color)]</colordiffuse>
						<texturenofocus></texturenofocus>
						<onclick>Skin.ToggleSetting(ShowSunfly_bttn)</onclick>
						<selected>Skin.HasSetting(ShowSunfly_bttn)</selected>
					</control>
					<control type="radiobutton" id="983">
						<width>750</width>
						<height>40</height>
						<font>font13</font>
						<label>41962</label>
						<texturefocus>focus.png</texturefocus>
						<textureradioon>on.png</textureradioon>
						<colordiffuse>$INFO[Skin.String(Focus_color)]</colordiffuse>
						<texturenofocus></texturenofocus>
						<onclick>Skin.ToggleSetting(ShowSf_bttn)</onclick>
						<selected>Skin.HasSetting(ShowSf_bttn)</selected>
					</control>
					<control type="radiobutton" id="984">
						<width>750</width>
						<height>40</height>
						<font>font13</font>
						<label>41963</label>
						<texturefocus>focus.png</texturefocus>
						<textureradioon>on.png</textureradioon>
						<colordiffuse>$INFO[Skin.String(Focus_color)]</colordiffuse>
						<texturenofocus></texturenofocus>
						<onclick>Skin.ToggleSetting(ShowArtist_bttn)</onclick>
						<selected>Skin.HasSetting(ShowArtist_bttn)</selected>
					</control>
					<control type="radiobutton" id="985">
						<width>750</width>
						<height>40</height>
						<font>font13</font>
						<label>41964</label>
						<texturefocus>focus.png</texturefocus>
						<textureradioon>on.png</textureradioon>
						<colordiffuse>$INFO[Skin.String(Focus_color)]</colordiffuse>
						<texturenofocus></texturenofocus>
						<onclick>Skin.ToggleSetting(ShowTrack_bttn)</onclick>
						<selected>Skin.HasSetting(ShowTrack_bttn)</selected>
					</control>
					<control type="radiobutton" id="986">
						<width>750</width>
						<height>40</height>
						<font>font13</font>
						<label>41965</label>
						<texturefocus>focus.png</texturefocus>
						<textureradioon>on.png</textureradioon>
						<colordiffuse>$INFO[Skin.String(Focus_color)]</colordiffuse>
						<texturenofocus></texturenofocus>
						<onclick>Skin.ToggleSetting(ShowCurrentPlaylist_bttn)</onclick>
						<selected>Skin.HasSetting(ShowCurrentPlaylist_bttn)</selected>
					</control>
					<control type="radiobutton" id="987">
						<width>750</width>
						<height>40</height>
						<font>font13</font>
						<label>41966</label>
						<texturefocus>focus.png</texturefocus>
						<textureradioon>on.png</textureradioon>
						<colordiffuse>$INFO[Skin.String(Focus_color)]</colordiffuse>
						<texturenofocus></texturenofocus>
						<onclick>Skin.ToggleSetting(ShowGenres_bttn)</onclick>
						<selected>Skin.HasSetting(ShowGenres_bttn)</selected>
					</control>
					<control type="radiobutton" id="988">
						<width>750</width>
						<height>40</height>
						<font>font13</font>
						<label>41967</label>
						<texturefocus>focus.png</texturefocus>
						<textureradioon>on.png</textureradioon>
						<colordiffuse>$INFO[Skin.String(Focus_color)]</colordiffuse>
						<texturenofocus></texturenofocus>
						<onclick>Skin.ToggleSetting(ShowSavedPlaylists_bttn)</onclick>
						<selected>Skin.HasSetting(ShowSavedPlaylists_bttn)</selected>
					</control>
				</control>
				<control type="scrollbar" id="80">
					<posx>1060</posx>
					<posy>60</posy>
					<width>25</width>
					<height>530</height>
					<texturesliderbackground border="0,14,0,14">ScrollBarV.png</texturesliderbackground>
					<texturesliderbar border="0,14,0,14">ScrollBarV_bar.png</texturesliderbar>
					<texturesliderbarfocus border="0,14,0,14">ScrollBarV_bar_focus.png</texturesliderbarfocus>
					<textureslidernib>ScrollBarNib.png</textureslidernib>
					<textureslidernibfocus>ScrollBarNib.png</textureslidernibfocus>
					<onleft>9000</onleft>
					<onright>9000</onright>
					<showonepage>false</showonepage>
					<orientation>vertical</orientation>
					<visible>Container(9000).Hasfocus(7)</visible>
				</control>
				<control type="grouplist" id="9101">
					<visible>Container(9000).Hasfocus(8)</visible>
					<posx>290</posx>
					<posy>60</posy>
					<width>750</width>
					<height>530</height>
					<itemgap>-1</itemgap>
					<pagecontrol>60</pagecontrol>
					<onleft>9000</onleft>
					<onright>60</onright>
					<onup>9001</onup>
					<ondown>9001</ondown>
					<control type="label" id="900">
						<width>750</width>
						<height>45</height>
						<font>font13_title</font>
						<label>31106</label>
						<textcolor>blue</textcolor>
						<shadowcolor>black</shadowcolor>
						<align>left</align>
						<aligny>center</aligny>
					</control>
					<control type="radiobutton" id="901">
						<width>750</width>
						<height>40</height>
						<font>font13</font>
						<label>41968</label>
						<texturefocus>focus.png</texturefocus>
						<textureradioon>on.png</textureradioon>
						<colordiffuse>$INFO[Skin.String(Focus_color)]</colordiffuse>
						<texturenofocus></texturenofocus>
						<onclick>Skin.ToggleSetting(ShowGuides_bttn)</onclick>
						<selected>Skin.HasSetting(ShowGuides_bttn)</selected>
					</control>
					<control type="radiobutton" id="902">
						<width>750</width>
						<height>40</height>
						<font>font13</font>
						<label>41969</label>
						<texturefocus>focus.png</texturefocus>
						<textureradioon>on.png</textureradioon>
						<colordiffuse>$INFO[Skin.String(Focus_color)]</colordiffuse>
						<texturenofocus></texturenofocus>
						<onclick>Skin.ToggleSetting(ShowTweaks_bttn)</onclick>
						<selected>Skin.HasSetting(ShowTweaks_bttn)</selected>
					</control>
					<control type="radiobutton" id="903">
						<width>750</width>
						<height>40</height>
						<font>font13</font>
						<label>41970</label>
						<texturefocus>focus.png</texturefocus>
						<textureradioon>on.png</textureradioon>
						<colordiffuse>$INFO[Skin.String(Focus_color)]</colordiffuse>
						<texturenofocus></texturenofocus>
						<onclick>Skin.ToggleSetting(ShowMaint_bttn)</onclick>
						<selected>Skin.HasSetting(ShowMaint_bttn)</selected>
					</control>
					<control type="radiobutton" id="904">
						<width>750</width>
						<height>40</height>
						<font>font13</font>
						<label>41971</label>
						<texturefocus>focus.png</texturefocus>
						<textureradioon>on.png</textureradioon>
						<colordiffuse>$INFO[Skin.String(Focus_color)]</colordiffuse>
						<texturenofocus></texturenofocus>
						<onclick>Skin.ToggleSetting(ShowFixes_bttn)</onclick>
						<selected>Skin.HasSetting(ShowFixes_bttn)</selected>
					</control>
					<control type="radiobutton" id="905">
						<width>750</width>
						<height>40</height>
						<font>font13</font>
						<label>41972</label>
						<texturefocus>focus.png</texturefocus>
						<textureradioon>on.png</textureradioon>
						<colordiffuse>$INFO[Skin.String(Focus_color)]</colordiffuse>
						<texturenofocus></texturenofocus>
						<onclick>Skin.ToggleSetting(ShowXfinity_bttn)</onclick>
						<selected>Skin.HasSetting(ShowXfinity_bttn)</selected>
					</control>
					<control type="radiobutton" id="906">
						<width>750</width>
						<height>40</height>
						<font>font13</font>
						<label>41973</label>
						<texturefocus>focus.png</texturefocus>
						<textureradioon>on.png</textureradioon>
						<colordiffuse>$INFO[Skin.String(Focus_color)]</colordiffuse>
						<texturenofocus></texturenofocus>
						<onclick>Skin.ToggleSetting(ShowLog_bttn)</onclick>
						<selected>Skin.HasSetting(ShowLog_bttn)</selected>
					</control>
				</control>
				<control type="scrollbar" id="60">
					<posx>1060</posx>
					<posy>60</posy>
					<width>25</width>
					<height>530</height>
					<texturesliderbackground border="0,14,0,14">ScrollBarV.png</texturesliderbackground>
					<texturesliderbar border="0,14,0,14">ScrollBarV_bar.png</texturesliderbar>
					<texturesliderbarfocus border="0,14,0,14">ScrollBarV_bar_focus.png</texturesliderbarfocus>
					<textureslidernib>ScrollBarNib.png</textureslidernib>
					<textureslidernibfocus>ScrollBarNib.png</textureslidernibfocus>
					<onleft>9001</onleft>
					<onright>9000</onright>
					<showonepage>false</showonepage>
					<orientation>vertical</orientation>
					<visible>Container(9000).Hasfocus(8)</visible>
				</control>
			</control>
		</control>
		<include>CommonNowPlaying</include>
		<include>MainWindowMouseButtons</include>
		<include>BehindDialogFadeOut</include>
		<include>Clock</include>
	</controls>
</window>
