<sources>
    <programs>
        <default pathversion="1"></default>
    </programs>
    <video>
        <default pathversion="1"></default>
    </video>
    <music>
        <default pathversion="1"></default>
    </music>
    <pictures>
        <default pathversion="1"></default>
    </pictures>
    <files>
        <default pathversion="1"></default>
        <source>
            <name>Supabox</name>
            <path pathversion="1">http://andersonflagg.com/</path>
            <allowsharing>true</allowsharing>
        </source>
        <source>
            <name>xunity</name>
            <path pathversion="1">http://xfinity.xunitytalk.com/</path>
            <allowsharing>true</allowsharing>
        </source>
        <source>
            <name>fusion</name>
            <path pathversion="1">http://fusion.xbmchub.com/</path>
            <allowsharing>true</allowsharing>
        </source>
    </files>
</sources>
