<!-- Ace -->

<sounds>
  <actions>
    <action>
    <name>left</name>
    <file>up.wav</file>
  </action>
  <action>
    <name>right</name>
    <file>up.wav</file>
  </action>
  <action>
    <name>up</name>
    <file>up.wav</file>
  </action>
  <action>
    <name>down</name>
    <file>down.wav</file>
  </action>
  <action>
    <name>select</name>
    <file>select.wav</file>
  </action>
  <action>
    <name>parentdir</name>
    <file>back.wav</file>
  </action>
  <action>
    <name>previousmenu</name>
    <file>back.wav</file>
  </action>
  <action>
    <name>screenshot</name>
    <file>shutter.wav</file>
  </action>
  </actions>
  <windows>
  <window>
    <name>InfoDialog</name>
    <activate>notify.wav</activate>
    <deactivate>out.wav</deactivate>
  </window>
   <window>
      <name>startup</name>
      <activate>boot.wav</activate>
    </window>
  </windows>
</sounds>