<window>
	<defaultcontrol always="true">52</defaultcontrol>
	<allowoverlay>no</allowoverlay>
	<coordinates>
		<system>1</system>
		<posx>0</posx>
		<posy>0</posy>
	</coordinates>
	<controls>
		<include>CommonBackground</include>
		<control type="group">
			<include>Window_OpenClose_Animation</include>		
			<control type="image">
				<posx>0</posx>
				<posy>100r</posy>
				<width>1280</width>
				<height>100</height>
				<texture>floor.png</texture>
				<animation effect="slide" start="0,10" end="0,0" time="200" condition="Window.Previous(Home)">WindowOpen</animation>
				<animation effect="slide" start="0,0" end="0,10" time="200" condition="Window.Next(Home)">WindowClose</animation>
			</control>
			<control type="image">
				<description>LOGO</description>
				<posx>0</posx>
				<posy>5</posy>
				<width>170</width>
				<height>100</height>
				<aspectratio aligny="top" align="left">keep</aspectratio>
				<texture>xbmc-logo.png</texture>
				<include>Window_OpenClose_Animation</include>
			</control>
			<control type="image">
				<posx>265</posx>
				<posy>60</posy>
				<width>750</width>
				<height>600</height>
				<texture border="10">ContentPanel.png</texture>
			</control>
			<control type="image">
				<posx>265</posx>
				<posy>652</posy>
				<width>750</width>
				<height>64</height>
				<texture border="10">ContentPanelMirror.png</texture>
			</control>
			<control type="label">
				<posx>295</posx>
				<posy>100</posy>
				<width>690</width>
				<height>40</height>
				<font>font13</font>
				<textcolor>grey2</textcolor>
				<align>center</align>
				<aligny>center</aligny>
				<label>$LOCALIZE[31421]</label>
			</control>
			<control type="list" id="52">
				<posx>295</posx>
				<posy>170</posy>
				<width>690</width>
				<height>401</height>
				<onleft>20</onleft>
				<onright>20</onright>
				<onup>52</onup>
				<ondown>52</ondown>
				<viewtype label="535">list</viewtype>
				<pagecontrol>60</pagecontrol>
				<scrolltime>200</scrolltime>
				<itemlayout height="100" width="690">
					<control type="image">
						<posx>0</posx>
						<posy>0</posy>
						<width>690</width>
						<height>95</height>
						<texture border="5">button-nofocus.png</texture>
					</control>
					<control type="image">
						<posx>10</posx>
						<posy>10</posy>
						<width>80</width>
						<height>75</height>
						<texture>$INFO[ListItem.Icon]</texture>
					</control>
					<control type="label">
						<posx>110</posx>
						<posy>10</posy>
						<width>580</width>
						<height>40</height>
						<font>font24_title</font>
						<textcolor>grey2</textcolor>
						<selectedcolor>selected</selectedcolor>
						<align>left</align>
						<aligny>center</aligny>
						<label>$INFO[ListItem.Label]</label>
					</control>
					<control type="label">
						<posx>110</posx>
						<posy>50</posy>
						<width>580</width>
						<height>25</height>
						<font>font13</font>
						<textcolor>grey2</textcolor>
						<selectedcolor>selected</selectedcolor>
						<align>left</align>
						<aligny>center</aligny>
						<label>$INFO[ListItem.Label2]</label>
					</control>
				</itemlayout>
				<focusedlayout height="100" width="580">
					<control type="image">
						<posx>0</posx>
						<posy>0</posy>
						<width>690</width>
						<height>95</height>
						<texture border="5">button-nofocus.png</texture>
						<visible>!Control.HasFocus(52)</visible>
						<include>VisibleFadeEffect</include>
					</control>
					<control type="image">
						<posx>0</posx>
						<posy>0</posy>
						<width>690</width>
						<height>95</height>
						<texture border="5">button-focus2.png</texture>
						<visible>Control.HasFocus(52)</visible>
						<include>VisibleFadeEffect</include>
					</control>
					<control type="image">
						<posx>10</posx>
						<posy>10</posy>
						<width>80</width>
						<height>75</height>
						<texture>$INFO[ListItem.Icon]</texture>
					</control>
					<control type="label">
						<posx>110</posx>
						<posy>10</posy>
						<width>580</width>
						<height>40</height>
						<font>font24_title</font>
						<textcolor>white</textcolor>
						<selectedcolor>selected</selectedcolor>
						<align>left</align>
						<aligny>center</aligny>
						<label>$INFO[ListItem.Label]</label>
					</control>
					<control type="label">
						<posx>110</posx>
						<posy>50</posy>
						<width>580</width>
						<height>25</height>
						<font>font13</font>
						<textcolor>grey2</textcolor>
						<selectedcolor>selected</selectedcolor>
						<align>left</align>
						<aligny>center</aligny>
						<label>$INFO[ListItem.Label2]</label>
					</control>
				</focusedlayout>
			</control>
			<control type="image">
				<description>LOGO</description>
				<posx>265</posx>
				<posy>580</posy>
				<width>220</width>
				<height>80</height>
				<aspectratio>keep</aspectratio>
				<texture>Confluence_Logo.png</texture>
			</control>
			<control type="group">
				<posx>940</posx>
				<posy>600</posy>
				<control type="label">
					<posx>0</posx>
					<posy>0</posy>
					<width>580</width>
					<height>45</height>
					<font>font12</font>
					<textcolor>grey2</textcolor>
					<align>right</align>
					<aligny>center</aligny>
					<label>$LOCALIZE[31003]</label>
				</control>
				<control type="button" id="20">
					<description>Power push button</description>
					<posx>10</posx>
					<posy>0</posy>
					<width>45</width>
					<height>45</height>
					<label>-</label>
					<font>-</font>
					<aligny>-</aligny>
					<onclick>ActivateWindow(ShutdownMenu)</onclick>
					<texturefocus border="5">floor_buttonFO.png</texturefocus>
					<texturenofocus border="5">floor_button.png</texturenofocus>
					<onleft>52</onleft>
					<onright>52</onright>
					<onup>52</onup>
					<ondown>52</ondown>
					<colordiffuse>CCFFFFFF</colordiffuse>
				</control>
				<control type="image">
					<description>Power Icon</description>
					<posx>15</posx>
					<posy>5</posy>
					<width>35</width>
					<height>35</height>
					<aspectratio>keep</aspectratio>
					<texture>icon_power.png</texture>
				</control>
				<control type="image">
					<posx>13</posx>
					<posy>3</posy>
					<width>30</width>
					<height>29</height>
					<texture>home-power-focus.gif</texture>
					<visible>Control.HasFocus(20)</visible>
				</control>
			</control>
		</control>
		<include>Clock</include>
		<control type="label">
			<description>Date label</description>
			<posx>20r</posx>
			<posy>35</posy>
			<width>200</width>
			<height>15</height>
			<align>right</align>
			<aligny>center</aligny>
			<font>font10</font>
			<textcolor>white</textcolor>
			<shadowcolor>black</shadowcolor>
			<label>$INFO[System.Date]</label>
			<include>Window_OpenClose_Animation</include>
			<animation effect="slide" start="0,0" end="-40,0" time="100" condition="Window.IsVisible(Mutebug)">conditional</animation>
		</control>
	</controls>
</window>
