<?xml version="1.0" encoding="UTF-8" standalone="yes"?>
<addon id="repository.supabox" name="supabox REPO" version="3.0" provider-name="Supabox">
	<extension point="xbmc.addon.repository" name="supabox Addon Repository">
		<info compressed="false">http://github.com/mustyputt/supabox/raw/master/addons.xml</info>
		<checksum>http://github.com/mustyputt/supabox/raw/master/addons.xml.md5</checksum>
		<datadir zip="true">http://github.com/mustyputt/supabox/raw/master/zips</datadir>
	</extension>
	<extension point="xbmc.addon.metadata">
		<summary>Install MY Addons</summary>
		<description>Download and install addons from supabox...</description>
		<platform>all</platform>
	</extension>
</addon>

