<?xml version="1.0" encoding="UTF-8"?>
<addon id="plugin.video.oneclickmoviez" version="1.0.1" name="OneClickMoviez" provider-name="jasanand">
    <requires>
        <import addon="xbmc.python" version="2.1.0"/>
        <import addon="script.module.urlresolver" version="1.0.1"/>
        <import addon="script.module.t0mm0.common" version="1.1.0"/>
    </requires>
    <extension point="xbmc.python.pluginsource" library="default.py">
        <provides>video</provides>
    </extension>
    <extension point="xbmc.addon.metadata">
        <summary>Browse oneclickmoviez</summary>
        <description>Play a wide selection of Movies and TV Shows from www.oneclickmoviez.ag</description>
        <platform>all</platform>
    </extension>
</addon>
