<?xml version="1.0" encoding="UTF-8"?>
<includes>
	<include file="defaults.xml"/>
	<include file="ViewsVideoLibrary.xml"/>
	<include file="ViewsMusicLibrary.xml"/>
	<include file="ViewsFileMode.xml"/>
	<include file="ViewsPictures.xml"/>
	<include file="ViewsAddonBrowser.xml"/>
	<include file="ViewsLiveTV.xml"/>
	<include file="ViewsPVRGuide.xml"/>
	<include file="ViewsWeather.xml"/>
	<include file="IncludesCodecFlagging.xml"/>
	<include file="IncludesHomeRecentlyAdded.xml"/>
	<include file="IncludesHomeMenuItems.xml"/>
	<include file="IncludesPVR.xml"/>
	<include file="IncludesBackgroundBuilding.xml"/>

	<constant name="FanartCrossfadeTime">500</constant>
	<constant name="IconCrossfadeTime">400</constant>

	<variable name="BannerThumb">
		<value condition="!IsEmpty(ListItem.Art(banner))">$INFO[ListItem.Art(banner)]</value>
		<value>$INFO[ListItem.Icon]</value>
	</variable>
	<variable name="PosterThumb">
		<value condition="!IsEmpty(ListItem.Art(poster))">$INFO[ListItem.Art(poster)]</value>
		<value>$INFO[ListItem.Icon]</value>
	</variable>
	<variable name="PlayList">
		<value condition="Window.IsActive(videolibrary) + !StringCompare(Playlist.Length(video),0)">ActivateWindow(videoplaylist)</value>
		<value>ActivateWindow(musicplaylist)</value>
	</variable>
	<variable name="SelectBack">
		<value condition="![Window.IsVisible(FullscreenVideo) | Window.IsVisible(Visualisation)]">DialogBack.png</value>
		<value>DialogBack2.png</value>
	</variable>

	<include name="BehindDialogFadeOut">
		<control type="image">
			<left>0</left>
			<top>0</top>
			<width>1280</width>
			<height>720</height>
			<texture colordiffuse="customcolor6">black-back.png</texture>
			<animation effect="fade" time="400">Visible</animation>
			<animation effect="fade" time="200">Hidden</animation>
			<visible>Window.IsActive(MovieInformation) | Window.IsActive(MusicInformation) | Window.IsActive(SongInformation) | Window.IsActive(FileBrowser) | Window.IsActive(TextViewer) | Window.IsActive(AddonSettings) | Window.IsActive(ContentSettings) | Window.IsActive(SelectDialog) | Window.IsActive(FileStackingDialog) | Window.IsActive(MediaSource) | Window.IsActive(PictureInfo) | Window.IsActive(PlayerControls) | Window.IsActive(VirtualKeyboard) | Window.IsActive(NumericInput) | Window.IsActive(ProfileSettings) | Window.IsActive(LockSettings) | Window.IsActive(SmartPlaylistEditor) | Window.IsActive(SmartPlaylistRule) | Window.IsActive(script-RSS_Editor-rssEditor.xml) | Window.IsActive(script-RSS_Editor-setEditor.xml) | Window.IsActive(AddonInformation) | Window.IsActive(Peripherals) | Window.IsActive(PeripheralSettings) | Window.IsActive(script-cu-lrclyrics-main.xml) | Window.IsActive(PVRChannelManager) | Window.IsActive(MediaFilter)</visible>
		</control>
	</include>
	<include name="WindowTitleCommons">
		<left>0</left>
		<top>0</top>
		<width min="0" max="800">auto</width>
		<height>30</height>
		<font>font14</font>
		<textcolor>customcolor1</textcolor>
		<shadowcolor>customcolor5</shadowcolor>
		<scroll>false</scroll>
		<align>left</align>
		<aligny>center</aligny>
	</include>
	<include name="ButtonCommonValues">
		<height>40</height>
		<width>250</width>
		<textoffsetx>10</textoffsetx>
		<textwidth>200</textwidth>
		<aligny>center</aligny>
		<font>font13</font>
		<texturefocus colordiffuse="customcolor6" border="5">buttonfocus1.png</texturefocus>
		<texturenofocus>-</texturenofocus>
		<pulseonselect>false</pulseonselect>
	</include>
	<include name="ButtonMediaSubCommonValues">
		<height>40</height>
		<width>221</width>
		<textoffsetx>20</textoffsetx>
		<textwidth>195</textwidth>
		<aligny>center</aligny>
		<font>font12_title</font>
		<texturefocus border="5">buttonfocus1.png</texturefocus>
		<texturenofocus border="5">button-nofocus.png</texturenofocus>
		<pulseonselect>false</pulseonselect>
	</include>
	<include name="ButtonHomeSubCommonValues">
		<height>35</height>
		<width>180</width>
		<textwidth>195</textwidth>
		<align>center</align>
		<aligny>center</aligny>
		<font>font12</font>
		<textcolor>customcolor3</textcolor>
		<focusedcolor>customcolor6</focusedcolor>
		<texturefocus colordiffuse="customcolor6" border="5">HomeSubFO.png</texturefocus>
		<texturenofocus border="5">HomeSubNF.png</texturenofocus>
		<pulseonselect>false</pulseonselect>
	</include>
	<include name="HomeSubMenuCommonValues">
		<left>0</left>
		<top>0</top>
		<width>1280</width>
		<height>35</height>
		<align>center</align>
		<onup>9000</onup>
		<ondown>9002</ondown>
		<itemgap>0</itemgap>
		<orientation>Horizontal</orientation>
		<animation effect="slide" start="0,-40" end="0,0" delay="200" time="200" tween="quadratic" easing="out">Visible</animation>
		<animation effect="slide" start="0,0" end="0,-40" time="200" tween="quadratic" easing="out">Hidden</animation>
	</include>
	<include name="ButtonInfoDialogsCommonValues">
		<height>40</height>
		<width>170</width>
		<textoffsetx>20</textoffsetx>
		<align>center</align>
		<aligny>center</aligny>
		<font>font12_title</font>
		<texturefocus colordiffuse="customcolor6" border="5">buttonfocus1.png</texturefocus>
		<texturenofocus border="5">button-nofocus.png</texturenofocus>
		<pulseonselect>false</pulseonselect>
	</include>
	<include name="SideBladeRight">
		<animation effect="slide" start="0,0" end="-260,0" time="400" tween="quadratic" easing="out" condition="ControlGroup(8996).HasFocus | Control.HasFocus(8997) | Control.HasFocus(8998)">Conditional</animation>
		<animation effect="slide" start="0,0" end="300,0" time="400" tween="quadratic" easing="out" condition="ControlGroup(8996).HasFocus | Control.HasFocus(8997)">WindowClose</animation>
		<animation effect="slide" start="0,0" end="50,0" time="300" tween="quadratic" easing="out" condition="![ControlGroup(8996).HasFocus | Control.HasFocus(8997)]">WindowClose</animation>
		<animation effect="slide" start="50,0" end="0,0" time="300" tween="quadratic" easing="out">WindowOpen</animation>
		<!--
		-->
		<!--
		<animation effect="slide" start="1030,0" end="1280,0" time="1400" tween="quadratic" easing="out" condition="ControlGroup(9000).HasFocus | Control.HasFocus(8997) | Control.HasFocus(8998)">Conditional</animation>
		<animation effect="slide" start="1030,0" end="1330,0" time="1400" tween="quadratic" easing="out" condition="ControlGroup(9000).HasFocus | Control.HasFocus(8997)">WindowClose</animation>
		<animation effect="slide" start="1030,0" end="1180,0" time="1300" tween="quadratic" easing="out" condition="![ControlGroup(9000).HasFocus | Control.HasFocus(8997)]">WindowClose</animation>
		<animation effect="slide" start="1180,0" end="1030,0" time="1300" tween="quadratic" easing="out">WindowOpen</animation>
		-->
		<control type="button" id="8998">
			<description>Fake button for mouse control</description>
			<left>0</left><top>0</top><width>250</width><height>720</height>
			<label>-</label><font>-</font><texturenofocus>-</texturenofocus><texturefocus>-</texturefocus><visible>true</visible>
		</control>
		<control type="button" id="8997">
			<left>-32</left><top>260</top><width>42</width><height>128</height><font>-</font>
			<texturefocus flipx="true" colordiffuse="customcolor6">HasSub.png</texturefocus>
			<texturenofocus flipx="true" colordiffuse="customcolor6">HasSub.png</texturenofocus>
		</control>
		<control type="image">
			<left>0</left><top>0</top><width>270</width><height>720</height>
			<texture flipx="true" colordiffuse="customcolor6" border="0,0,10,0">MediaBladeSub.png</texture>
		</control>
		<control type="image">
			<description>LOGO</description>
			<left>15</left><top>0</top><width>220</width><height>80</height>
			<texture colordiffuse="customcolor6">Confluence_Logo.png</texture><aspectratio>keep</aspectratio>
		</control>
	</include>
	<include name="SideBladeRightItems">
			<control type="grouplist" id="8996">
				<left>15</left><top>60</top><width>250</width><height>650</height>
				<onleft>50</onleft><onright>9000</onright><onup>8996</onup><ondown>8996</ondown>
				<onback>50</onback>
				<itemgap>0</itemgap>
				<!--movement>1</movement-->
				<control type="label" id="200">
					<width>250</width><height>35</height>
					<font>font12</font>
					<label>Cheat Sheet</label>
					<textcolor>customcolor6</textcolor>
					<align>center</align>
					<aligny>center</aligny>
				</control>
				<control type="button" id="8101">
					<description>Home</description><include>ButtonCommonValues</include>
					<label>10000</label><onclick>ActivateWindow(Home)</onclick>
				</control>
				<control type="button" id="8122">
					<description>Favourites</description><include>ButtonCommonValues</include>
					<label>1036</label>
					<onclick>ActivateWindow(Favourites)</onclick>
				</control>
				<control type="button" id="8102">
					<description>Weather</description><include>ButtonCommonValues</include>
					<label>31950</label><onclick>ActivateWindow(Weather)</onclick>
				</control>
				<control type="button" id="8103">
					<description>Videos</description><include>ButtonCommonValues</include>
					<label>===</label><label2>31953</label2>
					<onclick>Skin.ToggleSetting(RSideSubMenuVideos)</onclick>
				</control>
				<control type="button" id="8104">
					<description>Videos Files</description><include>ButtonCommonValues</include>
					<label>31953</label><label2>744</label2>
					<onclick>ActivateWindow(Videos,Files,return)</onclick>
					<visible>Skin.HasSetting(RSideSubMenuVideos)</visible>
				</control>
				<control type="button" id="8105">
					<description>Videos Addons</description><include>ButtonCommonValues</include>
					<label>31953</label><label2>24001</label2>
					<onclick>ActivateWindow(Videos,Addons,return)</onclick>
					<visible>Skin.HasSetting(RSideSubMenuVideos)</visible>
				</control>
				<control type="button" id="8106">
					<description>HomeVideosButton1</description><include>ButtonCommonValues</include>
					<label>* $INFO[system.addontitle(Skin.String(HomeVideosButton1))]</label>
					<onclick>RunAddon($INFO[Skin.String(HomeVideosButton1)])</onclick>
					<icon>$INFO[system.addonicon(Skin.String(HomeVideosButton1))]</icon>
					<thumb>-</thumb>
					<visible>[!IsEmpty(Skin.String(HomeVideosButton1))]+[Skin.HasSetting(RSideSubMenuVideos)]</visible>
				</control>
				<control type="button" id="8107">
					<description>HomeVideosButton2</description><include>ButtonCommonValues</include>
					<label>* $INFO[system.addontitle(Skin.String(HomeVideosButton2))]</label>
					<onclick>RunAddon($INFO[Skin.String(HomeVideosButton2)])</onclick>
					<icon>$INFO[system.addonicon(Skin.String(HomeVideosButton2))]</icon>
					<thumb>-</thumb>
					<visible>[!IsEmpty(Skin.String(HomeVideosButton2))]+[Skin.HasSetting(RSideSubMenuVideos)]</visible>
				</control>
				<control type="button" id="8108">
					<description>HomeVideosButton3</description><include>ButtonCommonValues</include>
					<label>* $INFO[system.addontitle(Skin.String(HomeVideosButton3))]</label>
					<onclick>RunAddon($INFO[Skin.String(HomeVideosButton3)])</onclick>
					<icon>$INFO[system.addonicon(Skin.String(HomeVideosButton3))]</icon>
					<thumb>-</thumb>
					<visible>[!IsEmpty(Skin.String(HomeVideosButton3))]+[Skin.HasSetting(RSideSubMenuVideos)]</visible>
				</control>
				<control type="button" id="8109">
					<description>HomeVideosButton4</description><include>ButtonCommonValues</include>
					<label>* $INFO[system.addontitle(Skin.String(HomeVideosButton4))]</label>
					<onclick>RunAddon($INFO[Skin.String(HomeVideosButton4)])</onclick>
					<icon>$INFO[system.addonicon(Skin.String(HomeVideosButton4))]</icon>
					<thumb>-</thumb>
					<visible>[!IsEmpty(Skin.String(HomeVideosButton4))]+[Skin.HasSetting(RSideSubMenuVideos)]</visible>
				</control>
				<control type="button" id="8110">
					<description>HomeVideosButton5</description><include>ButtonCommonValues</include>
					<label>* $INFO[system.addontitle(Skin.String(HomeVideosButton5))]</label>
					<onclick>RunAddon($INFO[Skin.String(HomeVideosButton5)])</onclick>
					<icon>$INFO[system.addonicon(Skin.String(HomeVideosButton5))]</icon>
					<thumb>-</thumb>
					<visible>[!IsEmpty(Skin.String(HomeVideosButton5))]+[Skin.HasSetting(RSideSubMenuVideos)]</visible>
				</control>
				<control type="button" id="8137">
					<description>HomeVideosButton6</description><include>ButtonCommonValues</include>
					<label>* $INFO[system.addontitle(Skin.String(HomeVideosButton6))]</label>
					<onclick>RunAddon($INFO[Skin.String(HomeVideosButton6)])</onclick>
					<icon>$INFO[system.addonicon(Skin.String(HomeVideosButton6))]</icon>
					<thumb>-</thumb>
					<visible>[!IsEmpty(Skin.String(HomeVideosButton6))]+[Skin.HasSetting(RSideSubMenuVideos)]</visible>
				</control>
				<control type="button" id="8156">
					<description>HomeVideosButton7</description><include>ButtonCommonValues</include>
					<label>* $INFO[system.addontitle(Skin.String(HomeVideosButton7))]</label>
					<onclick>RunAddon($INFO[Skin.String(HomeVideosButton7)])</onclick>
					<icon>$INFO[system.addonicon(Skin.String(HomeVideosButton7))]</icon>
					<thumb>-</thumb>
					<visible>[!IsEmpty(Skin.String(HomeVideosButton7))]+[Skin.HasSetting(RSideSubMenuVideos)]</visible>
				</control>
				<control type="button" id="8138">
					<description>HomeVideosButton8</description><include>ButtonCommonValues</include>
					<label>* $INFO[system.addontitle(Skin.String(HomeVideosButton8))]</label>
					<onclick>RunAddon($INFO[Skin.String(HomeVideosButton8)])</onclick>
					<icon>$INFO[system.addonicon(Skin.String(HomeVideosButton8))]</icon>
					<thumb>-</thumb>
					<visible>[!IsEmpty(Skin.String(HomeVideosButton8))]+[Skin.HasSetting(RSideSubMenuVideos)]</visible>
				</control>
				<control type="button" id="8139">
					<description>HomeVideosButton9</description><include>ButtonCommonValues</include>
					<label>* $INFO[system.addontitle(Skin.String(HomeVideosButton9))]</label>
					<onclick>RunAddon($INFO[Skin.String(HomeVideosButton9)])</onclick>
					<icon>$INFO[system.addonicon(Skin.String(HomeVideosButton9))]</icon>
					<thumb>-</thumb>
					<visible>[!IsEmpty(Skin.String(HomeVideosButton9))]+[Skin.HasSetting(RSideSubMenuVideos)]</visible>
				</control>
				<control type="button" id="8140">
					<description>HomeVideosButton10</description><include>ButtonCommonValues</include>
					<label>* $INFO[system.addontitle(Skin.String(HomeVideosButton10))]</label>
					<onclick>RunAddon($INFO[Skin.String(HomeVideosButton10)])</onclick>
					<icon>$INFO[system.addonicon(Skin.String(HomeVideosButton10))]</icon>
					<thumb>-</thumb>
					<visible>[!IsEmpty(Skin.String(HomeVideosButton10))]+[Skin.HasSetting(RSideSubMenuVideos)]</visible>
				</control>
				<control type="button" id="8141">
					<description>HomeVideosButton11</description><include>ButtonCommonValues</include>
					<label>* $INFO[system.addontitle(Skin.String(HomeVideosButton11))]</label>
					<onclick>RunAddon($INFO[Skin.String(HomeVideosButton11)])</onclick>
					<icon>$INFO[system.addonicon(Skin.String(HomeVideosButton11))]</icon>
					<thumb>-</thumb>
					<visible>[!IsEmpty(Skin.String(HomeVideosButton11))]+[Skin.HasSetting(RSideSubMenuVideos)]</visible>
				</control>
				<control type="button" id="8142">
					<description>HomeVideosButton12</description><include>ButtonCommonValues</include>
					<label>* $INFO[system.addontitle(Skin.String(HomeVideosButton12))]</label>
					<onclick>RunAddon($INFO[Skin.String(HomeVideosButton12)])</onclick>
					<icon>$INFO[system.addonicon(Skin.String(HomeVideosButton12))]</icon>
					<thumb>-</thumb>
					<visible>[!IsEmpty(Skin.String(HomeVideosButton12))]+[Skin.HasSetting(RSideSubMenuVideos)]</visible>
				</control>
				<control type="button" id="8143">
					<description>HomeVideosButton13</description><include>ButtonCommonValues</include>
					<label>* $INFO[system.addontitle(Skin.String(HomeVideosButton13))]</label>
					<onclick>RunAddon($INFO[Skin.String(HomeVideosButton13)])</onclick>
					<icon>$INFO[system.addonicon(Skin.String(HomeVideosButton13))]</icon>
					<thumb>-</thumb>
					<visible>[!IsEmpty(Skin.String(HomeVideosButton13))]+[Skin.HasSetting(RSideSubMenuVideos)]</visible>
				</control>
				<control type="button" id="8144">
					<description>HomeVideosButton14</description><include>ButtonCommonValues</include>
					<label>* $INFO[system.addontitle(Skin.String(HomeVideosButton14))]</label>
					<onclick>RunAddon($INFO[Skin.String(HomeVideosButton14)])</onclick>
					<icon>$INFO[system.addonicon(Skin.String(HomeVideosButton14))]</icon>
					<thumb>-</thumb>
					<visible>[!IsEmpty(Skin.String(HomeVideosButton14))]+[Skin.HasSetting(RSideSubMenuVideos)]</visible>
				</control>
				<control type="button" id="8145">
					<description>HomeVideosButton15</description><include>ButtonCommonValues</include>
					<label>* $INFO[system.addontitle(Skin.String(HomeVideosButton15))]</label>
					<onclick>RunAddon($INFO[Skin.String(HomeVideosButton15)])</onclick>
					<icon>$INFO[system.addonicon(Skin.String(HomeVideosButton15))]</icon>
					<thumb>-</thumb>
					<visible>[!IsEmpty(Skin.String(HomeVideosButton15))]+[Skin.HasSetting(RSideSubMenuVideos)]</visible>
				</control>
				<control type="button" id="8146">
					<description>HomeVideosButton16</description><include>ButtonCommonValues</include>
					<label>* $INFO[system.addontitle(Skin.String(HomeVideosButton16))]</label>
					<onclick>RunAddon($INFO[Skin.String(HomeVideosButton16)])</onclick>
					<icon>$INFO[system.addonicon(Skin.String(HomeVideosButton16))]</icon>
					<thumb>-</thumb>
					<visible>[!IsEmpty(Skin.String(HomeVideosButton16))]+[Skin.HasSetting(RSideSubMenuVideos)]</visible>
				</control>
				<control type="button" id="8147">
					<description>HomeVideosButton17</description><include>ButtonCommonValues</include>
					<label>* $INFO[system.addontitle(Skin.String(HomeVideosButton17))]</label>
					<onclick>RunAddon($INFO[Skin.String(HomeVideosButton17)])</onclick>
					<icon>$INFO[system.addonicon(Skin.String(HomeVideosButton17))]</icon>
					<thumb>-</thumb>
					<visible>[!IsEmpty(Skin.String(HomeVideosButton17))]+[Skin.HasSetting(RSideSubMenuVideos)]</visible>
				</control>
				<control type="button" id="8148">
					<description>HomeVideosButton18</description><include>ButtonCommonValues</include>
					<label>* $INFO[system.addontitle(Skin.String(HomeVideosButton18))]</label>
					<onclick>RunAddon($INFO[Skin.String(HomeVideosButton18)])</onclick>
					<icon>$INFO[system.addonicon(Skin.String(HomeVideosButton18))]</icon>
					<thumb>-</thumb>
					<visible>[!IsEmpty(Skin.String(HomeVideosButton18))]+[Skin.HasSetting(RSideSubMenuVideos)]</visible>
				</control>
				<control type="button" id="8149">
					<description>HomeVideosButton19</description><include>ButtonCommonValues</include>
					<label>* $INFO[system.addontitle(Skin.String(HomeVideosButton19))]</label>
					<onclick>RunAddon($INFO[Skin.String(HomeVideosButton19)])</onclick>
					<icon>$INFO[system.addonicon(Skin.String(HomeVideosButton19))]</icon>
					<thumb>-</thumb>
					<visible>[!IsEmpty(Skin.String(HomeVideosButton19))]+[Skin.HasSetting(RSideSubMenuVideos)]</visible>
				</control>
				<control type="button" id="8150">
					<description>HomeVideosButton20</description><include>ButtonCommonValues</include>
					<label>* $INFO[system.addontitle(Skin.String(HomeVideosButton20))]</label>
					<onclick>RunAddon($INFO[Skin.String(HomeVideosButton20)])</onclick>
					<icon>$INFO[system.addonicon(Skin.String(HomeVideosButton20))]</icon>
					<thumb>-</thumb>
					<visible>[!IsEmpty(Skin.String(HomeVideosButton20))]+[Skin.HasSetting(RSideSubMenuVideos)]</visible>
				</control>
				<control type="button" id="8151">
					<description>HomeVideosButton21</description><include>ButtonCommonValues</include>
					<label>* $INFO[system.addontitle(Skin.String(HomeVideosButton21))]</label>
					<onclick>RunAddon($INFO[Skin.String(HomeVideosButton21)])</onclick>
					<icon>$INFO[system.addonicon(Skin.String(HomeVideosButton21))]</icon>
					<thumb>-</thumb>
					<visible>[!IsEmpty(Skin.String(HomeVideosButton21))]+[Skin.HasSetting(RSideSubMenuVideos)]</visible>
				</control>
				<control type="button" id="8152">
					<description>HomeVideosButton22</description><include>ButtonCommonValues</include>
					<label>* $INFO[system.addontitle(Skin.String(HomeVideosButton22))]</label>
					<onclick>RunAddon($INFO[Skin.String(HomeVideosButton22)])</onclick>
					<icon>$INFO[system.addonicon(Skin.String(HomeVideosButton22))]</icon>
					<thumb>-</thumb>
					<visible>[!IsEmpty(Skin.String(HomeVideosButton22))]+[Skin.HasSetting(RSideSubMenuVideos)]</visible>
				</control>
				<control type="button" id="8153">
					<description>HomeVideosButton23</description><include>ButtonCommonValues</include>
					<label>* $INFO[system.addontitle(Skin.String(HomeVideosButton23))]</label>
					<onclick>RunAddon($INFO[Skin.String(HomeVideosButton23)])</onclick>
					<icon>$INFO[system.addonicon(Skin.String(HomeVideosButton23))]</icon>
					<thumb>-</thumb>
					<visible>[!IsEmpty(Skin.String(HomeVideosButton23))]+[Skin.HasSetting(RSideSubMenuVideos)]</visible>
				</control>
				<control type="button" id="8154">
					<description>HomeVideosButton24</description><include>ButtonCommonValues</include>
					<label>* $INFO[system.addontitle(Skin.String(HomeVideosButton24))]</label>
					<onclick>RunAddon($INFO[Skin.String(HomeVideosButton24)])</onclick>
					<icon>$INFO[system.addonicon(Skin.String(HomeVideosButton24))]</icon>
					<thumb>-</thumb>
					<visible>[!IsEmpty(Skin.String(HomeVideosButton24))]+[Skin.HasSetting(RSideSubMenuVideos)]</visible>
				</control>
				<control type="button" id="8155">
					<description>HomeVideosButton25</description><include>ButtonCommonValues</include>
					<label>* $INFO[system.addontitle(Skin.String(HomeVideosButton25))]</label>
					<onclick>RunAddon($INFO[Skin.String(HomeVideosButton25)])</onclick>
					<icon>$INFO[system.addonicon(Skin.String(HomeVideosButton25))]</icon>
					<thumb>-</thumb>
					<visible>[!IsEmpty(Skin.String(HomeVideosButton25))]+[Skin.HasSetting(RSideSubMenuVideos)]</visible>
				</control>
				
				<!--
				-->
				<control type="button" id="8171">
					<description>Programs</description><include>ButtonCommonValues</include>
					<label>===</label><label2>31957</label2>
					<onclick>Skin.ToggleSetting(RSideSubMenuPrograms)</onclick>
				</control>
				<control type="button" id="8111">
					<description>Programs</description><include>ButtonCommonValues</include>
					<label>31957</label>
					<onclick condition="!System.Platform.Android">ActivateWindow(Programs,Addons,return)</onclick>
					<onclick condition="System.Platform.Android">ActivateWindow(Programs)</onclick>
					<visible>Skin.HasSetting(RSideSubMenuPrograms)</visible>
				</control>
				<control type="button" id="8112">
					<description>HomeProgramButton1</description><include>ButtonCommonValues</include>
					<label>* $INFO[system.addontitle(Skin.String(HomeProgramButton1))]</label>
					<onclick>RunAddon($INFO[Skin.String(HomeProgramButton1)])</onclick>
					<icon>$INFO[system.addonicon(Skin.String(HomeProgramButton1))]</icon>
					<thumb>-</thumb>
					<visible>[!IsEmpty(Skin.String(HomeProgramButton1))]+[Skin.HasSetting(RSideSubMenuPrograms)]</visible>
				</control>
				<control type="button" id="8113">
					<description>HomeProgramButton2</description><include>ButtonCommonValues</include>
					<label>* $INFO[system.addontitle(Skin.String(HomeProgramButton2))]</label>
					<onclick>RunAddon($INFO[Skin.String(HomeProgramButton2)])</onclick>
					<icon>$INFO[system.addonicon(Skin.String(HomeProgramButton2))]</icon>
					<thumb>-</thumb>
					<visible>[!IsEmpty(Skin.String(HomeProgramButton2))]+[Skin.HasSetting(RSideSubMenuPrograms)]</visible>
				</control>
				<control type="button" id="8114">
					<description>HomeProgramButton3</description><include>ButtonCommonValues</include>
					<label>* $INFO[system.addontitle(Skin.String(HomeProgramButton3))]</label>
					<onclick>RunAddon($INFO[Skin.String(HomeProgramButton3)])</onclick>
					<icon>$INFO[system.addonicon(Skin.String(HomeProgramButton3))]</icon>
					<thumb>-</thumb>
					<visible>[!IsEmpty(Skin.String(HomeProgramButton3))]+[Skin.HasSetting(RSideSubMenuPrograms)]</visible>
				</control>
				<control type="button" id="8115">
					<description>HomeProgramButton4</description><include>ButtonCommonValues</include>
					<label>* $INFO[system.addontitle(Skin.String(HomeProgramButton4))]</label>
					<onclick>RunAddon($INFO[Skin.String(HomeProgramButton4)])</onclick>
					<icon>$INFO[system.addonicon(Skin.String(HomeProgramButton4))]</icon>
					<thumb>-</thumb>
					<visible>[!IsEmpty(Skin.String(HomeProgramButton4))]+[Skin.HasSetting(RSideSubMenuPrograms)]</visible>
				</control>
				<control type="button" id="8116">
					<description>HomeProgramButton5</description><include>ButtonCommonValues</include>
					<label>* $INFO[system.addontitle(Skin.String(HomeProgramButton5))]</label>
					<onclick>RunAddon($INFO[Skin.String(HomeProgramButton5)])</onclick>
					<icon>$INFO[system.addonicon(Skin.String(HomeProgramButton5))]</icon>
					<thumb>-</thumb>
					<visible>[!IsEmpty(Skin.String(HomeProgramButton5))]+[Skin.HasSetting(RSideSubMenuPrograms)]</visible>
				</control>
				<control type="button" id="8132">
					<description>HomeProgramButton6</description><include>ButtonCommonValues</include>
					<label>* $INFO[system.addontitle(Skin.String(HomeProgramButton6))]</label>
					<onclick>RunAddon($INFO[Skin.String(HomeProgramButton6)])</onclick>
					<icon>$INFO[system.addonicon(Skin.String(HomeProgramButton6))]</icon>
					<thumb>-</thumb>
					<visible>[!IsEmpty(Skin.String(HomeProgramButton6))]+[Skin.HasSetting(RSideSubMenuPrograms)]</visible>
				</control>
				<control type="button" id="8133">
					<description>HomeProgramButton7</description><include>ButtonCommonValues</include>
					<label>* $INFO[system.addontitle(Skin.String(HomeProgramButton7))]</label>
					<onclick>RunAddon($INFO[Skin.String(HomeProgramButton7)])</onclick>
					<icon>$INFO[system.addonicon(Skin.String(HomeProgramButton7))]</icon>
					<thumb>-</thumb>
					<visible>[!IsEmpty(Skin.String(HomeProgramButton7))]+[Skin.HasSetting(RSideSubMenuPrograms)]</visible>
				</control>
				<control type="button" id="8134">
					<description>HomeProgramButton8</description><include>ButtonCommonValues</include>
					<label>* $INFO[system.addontitle(Skin.String(HomeProgramButton8))]</label>
					<onclick>RunAddon($INFO[Skin.String(HomeProgramButton8)])</onclick>
					<icon>$INFO[system.addonicon(Skin.String(HomeProgramButton8))]</icon>
					<thumb>-</thumb>
					<visible>[!IsEmpty(Skin.String(HomeProgramButton8))]+[Skin.HasSetting(RSideSubMenuPrograms)]</visible>
				</control>
				<control type="button" id="8135">
					<description>HomeProgramButton9</description><include>ButtonCommonValues</include>
					<label>* $INFO[system.addontitle(Skin.String(HomeProgramButton9))]</label>
					<onclick>RunAddon($INFO[Skin.String(HomeProgramButton9)])</onclick>
					<icon>$INFO[system.addonicon(Skin.String(HomeProgramButton9))]</icon>
					<thumb>-</thumb>
					<visible>[!IsEmpty(Skin.String(HomeProgramButton9))]+[Skin.HasSetting(RSideSubMenuPrograms)]</visible>
				</control>
				<control type="button" id="8136">
					<description>HomeProgramButton10</description><include>ButtonCommonValues</include>
					<label>* $INFO[system.addontitle(Skin.String(HomeProgramButton10))]</label>
					<onclick>RunAddon($INFO[Skin.String(HomeProgramButton10)])</onclick>
					<icon>$INFO[system.addonicon(Skin.String(HomeProgramButton10))]</icon>
					<thumb>-</thumb>
					<visible>[!IsEmpty(Skin.String(HomeProgramButton10))]+[Skin.HasSetting(RSideSubMenuPrograms)]</visible>
				</control>
				
				<!--
				-->
				<control type="button" id="8117">
					<description>Music</description><include>ButtonCommonValues</include>
					<label>===</label><label2>31956</label2>
					<onclick>Skin.ToggleSetting(RSideSubMenuMusic)</onclick>
				</control>
				<control type="button" id="8118">
					<description>Music Files</description><include>ButtonCommonValues</include>
					<label>31956</label><label2>744</label2>
					<onclick>ActivateWindow(Music,Files,return)</onclick>
					<visible>Skin.HasSetting(RSideSubMenuMusic)</visible>
				</control>
				<control type="button" id="8119">
					<description>Music Addons</description><include>ButtonCommonValues</include>
					<label>31956</label><label2>24001</label2>
					<onclick>ActivateWindow(Music,Addons,return)</onclick>
					<visible>Skin.HasSetting(RSideSubMenuMusic)</visible>
				</control>
				<control type="button" id="8120">
					<description>HomeMusicButton1</description><include>ButtonCommonValues</include>
					<label>* $INFO[system.addontitle(Skin.String(HomeMusicButton1))]</label>
					<onclick>RunAddon($INFO[Skin.String(HomeMusicButton1)])</onclick>
					<icon>$INFO[system.addonicon(Skin.String(HomeMusicButton1))]</icon>
					<thumb>-</thumb>
					<visible>[!IsEmpty(Skin.String(HomeMusicButton1))]+[Skin.HasSetting(RSideSubMenuMusic)]</visible>
				</control>
				<control type="button" id="8121">
					<description>HomeMusicButton2</description><include>ButtonCommonValues</include>
					<label>* $INFO[system.addontitle(Skin.String(HomeMusicButton2))]</label>
					<onclick>RunAddon($INFO[Skin.String(HomeMusicButton2)])</onclick>
					<icon>$INFO[system.addonicon(Skin.String(HomeMusicButton2))]</icon>
					<thumb>-</thumb>
					<visible>[!IsEmpty(Skin.String(HomeMusicButton2))]+[Skin.HasSetting(RSideSubMenuMusic)]</visible>
				</control>
				<control type="button" id="8172">
					<description>HomeMusicButton3</description><include>ButtonCommonValues</include>
					<label>* $INFO[system.addontitle(Skin.String(HomeMusicButton3))]</label>
					<onclick>RunAddon($INFO[Skin.String(HomeMusicButton3)])</onclick>
					<icon>$INFO[system.addonicon(Skin.String(HomeMusicButton3))]</icon>
					<thumb>-</thumb>
					<visible>[!IsEmpty(Skin.String(HomeMusicButton3))]+[Skin.HasSetting(RSideSubMenuMusic)]</visible>
				</control>
				<control type="button" id="8173">
					<description>HomeMusicButton4</description><include>ButtonCommonValues</include>
					<label>* $INFO[system.addontitle(Skin.String(HomeMusicButton4))]</label>
					<onclick>RunAddon($INFO[Skin.String(HomeMusicButton4)])</onclick>
					<icon>$INFO[system.addonicon(Skin.String(HomeMusicButton4))]</icon>
					<thumb>-</thumb>
					<visible>[!IsEmpty(Skin.String(HomeMusicButton4))]+[Skin.HasSetting(RSideSubMenuMusic)]</visible>
				</control>
				<control type="button" id="8174">
					<description>HomeMusicButton5</description><include>ButtonCommonValues</include>
					<label>* $INFO[system.addontitle(Skin.String(HomeMusicButton5))]</label>
					<onclick>RunAddon($INFO[Skin.String(HomeMusicButton5)])</onclick>
					<icon>$INFO[system.addonicon(Skin.String(HomeMusicButton5))]</icon>
					<thumb>-</thumb>
					<visible>[!IsEmpty(Skin.String(HomeMusicButton5))]+[Skin.HasSetting(RSideSubMenuMusic)]</visible>
				</control>
				<control type="button" id="8175">
					<description>HomeMusicButton6</description><include>ButtonCommonValues</include>
					<label>* $INFO[system.addontitle(Skin.String(HomeMusicButton6))]</label>
					<onclick>RunAddon($INFO[Skin.String(HomeMusicButton6)])</onclick>
					<icon>$INFO[system.addonicon(Skin.String(HomeMusicButton6))]</icon>
					<thumb>-</thumb>
					<visible>[!IsEmpty(Skin.String(HomeMusicButton6))]+[Skin.HasSetting(RSideSubMenuMusic)]</visible>
				</control>
				<control type="button" id="8176">
					<description>HomeMusicButton7</description><include>ButtonCommonValues</include>
					<label>* $INFO[system.addontitle(Skin.String(HomeMusicButton7))]</label>
					<onclick>RunAddon($INFO[Skin.String(HomeMusicButton7)])</onclick>
					<icon>$INFO[system.addonicon(Skin.String(HomeMusicButton7))]</icon>
					<thumb>-</thumb>
					<visible>[!IsEmpty(Skin.String(HomeMusicButton7))]+[Skin.HasSetting(RSideSubMenuMusic)]</visible>
				</control>
				<control type="button" id="8177">
					<description>HomeMusicButton8</description><include>ButtonCommonValues</include>
					<label>* $INFO[system.addontitle(Skin.String(HomeMusicButton8))]</label>
					<onclick>RunAddon($INFO[Skin.String(HomeMusicButton8)])</onclick>
					<icon>$INFO[system.addonicon(Skin.String(HomeMusicButton8))]</icon>
					<thumb>-</thumb>
					<visible>[!IsEmpty(Skin.String(HomeMusicButton8))]+[Skin.HasSetting(RSideSubMenuMusic)]</visible>
				</control>
				<control type="button" id="8178">
					<description>HomeMusicButton9</description><include>ButtonCommonValues</include>
					<label>* $INFO[system.addontitle(Skin.String(HomeMusicButton9))]</label>
					<onclick>RunAddon($INFO[Skin.String(HomeMusicButton9)])</onclick>
					<icon>$INFO[system.addonicon(Skin.String(HomeMusicButton9))]</icon>
					<thumb>-</thumb>
					<visible>[!IsEmpty(Skin.String(HomeMusicButton9))]+[Skin.HasSetting(RSideSubMenuMusic)]</visible>
				</control>
				<control type="button" id="8179">
					<description>HomeMusicButton10</description><include>ButtonCommonValues</include>
					<label>* $INFO[system.addontitle(Skin.String(HomeMusicButton10))]</label>
					<onclick>RunAddon($INFO[Skin.String(HomeMusicButton10)])</onclick>
					<icon>$INFO[system.addonicon(Skin.String(HomeMusicButton10))]</icon>
					<thumb>-</thumb>
					<visible>[!IsEmpty(Skin.String(HomeMusicButton10))]+[Skin.HasSetting(RSideSubMenuMusic)]</visible>
				</control>
				
				<!--
				-->
				<control type="button" id="8183">
					<description>Status</description><include>ButtonCommonValues</include>
					<label>===</label><label2>126</label2>
					<onclick>Skin.ToggleSetting(RSideSubMenuStatus)</onclick>
				</control>
				<control type="label" id="8158">
					<width>250</width><height>35</height>
					<label>$LOCALIZE[13271] $INFO[System.CPUUsage]</label>
					<font>font12</font><textcolor>customcolor6</textcolor>
					<align>left</align><aligny>center</aligny>
					<visible>Skin.HasSetting(RSideSubMenuStatus)</visible>
				</control>
				<control type="progress" id="8159">
					<description>CPU BAR</description>
					<width>250</width><height>16</height>
					<info>System.CPUUsage</info>
					<visible>Skin.HasSetting(RSideSubMenuStatus)</visible>
				</control>
				<control type="label" id="8160">
					<width>250</width><height>35</height>
					<label>$LOCALIZE[31309] $INFO[system.memory(used.percent)]</label>
					<font>font12</font><textcolor>customcolor6</textcolor>
					<align>left</align><aligny>center</aligny>
					<visible>Skin.HasSetting(RSideSubMenuStatus)</visible>
				</control>
				<control type="progress" id="8161">
					<description>Memory BAR</description>
					<width>250</width><height>16</height>
					<info></info>
					<visible>Skin.HasSetting(RSideSubMenuStatus)</visible>
				</control>
				<control type="label" id="8162">
					<width>250</width><height>35</height>
					<label>$INFO[system.memory(free)] of $INFO[system.memory(total)] free</label>
					<font>font12</font><textcolor>customcolor6</textcolor>
					<align>left</align><aligny>center</aligny>
					<visible>Skin.HasSetting(RSideSubMenuStatus)</visible>
				</control>
				<control type="label" id="8163">
					<width>250</width><height>35</height>
					<label>$LOCALIZE[13295]  $INFO[System.InternetState]</label><label2></label2>
					<font>font12</font><textcolor>customcolor6</textcolor>
					<align>left</align><aligny>center</aligny>
					<visible>Skin.HasSetting(RSideSubMenuStatus)</visible>
				</control>
				<control type="label" id="8164">
					<width>250</width><height>35</height>
					<label>[ $INFO[System.ScreenMode] ]  $INFO[System.ScreenWidth] x $INFO[System.ScreenHeight]</label><label2></label2>
					<font>font12</font><textcolor>customcolor6</textcolor>
					<align>left</align><aligny>center</aligny>
					<visible>Skin.HasSetting(RSideSubMenuStatus)</visible>
				</control>
				<control type="label" id="8165">
					<width>250</width><height>35</height>
					<label>SupaboxTV  $INFO[System.FanSpeed]</label>
					<font>font12</font><textcolor>customcolor6</textcolor>
					<align>left</align><aligny>center</aligny>
					<visible>Skin.HasSetting(RSideSubMenuStatus)</visible>
				</control>
				
				<control type="button" id="8166">
					<description>Dreamcatcher Download</description><include>ButtonCommonValues</include>
					<label>Dreamcatcher</label><label2>33003</label2>
					<onclick>XBMC.RunPlugin(plugin://plugin.program.dreamcatcher/?mode=Record)</onclick>
					<visible>Player.HasMedia</visible>
				</control>
				<control type="button" id="8167">
					<description>Axel Download</description><include>ButtonCommonValues</include>
					<label>Axel</label><label2>33003</label2>
					<onclick>XBMC.RunPlugin(plugin://plugin.program.sendtoaxel/?mode=AxelDownload)</onclick>
					<visible>Player.HasMedia</visible>
				</control>
				<control type="button" id="8168">
					<description>Axel Play</description><include>ButtonCommonValues</include>
					<label>Axel</label><label2>208</label2>
					<onclick>XBMC.RunPlugin(plugin://plugin.program.sendtoaxel/?mode=AxelPlay)</onclick>
					<visible>Player.HasMedia</visible>
				</control>
				<control type="button" id="8169">
					<description>Stop</description><include>ButtonCommonValues</include>
					<label>31352</label><label2>16003</label2>
					<onclick>PlayerControl(Stop)</onclick>
					<visible>Player.HasMedia</visible>
				</control>
				<control type="button" id="8170">
					<description>Play - Pause - Resume</description><include>ButtonCommonValues</include>
					<label>31351</label><label2>13404</label2>
					<onclick>PlayerControl(Play)</onclick>
					<visible>Player.HasMedia</visible>
				</control>
				
				<!--
				-->
				<control type="button" id="8182">
					<description>System</description><include>ButtonCommonValues</include>
					<label>===</label><label2>13000</label2>
					<onclick>Skin.ToggleSetting(RSideSubMenuSystem)</onclick>
				</control>
				<control type="button" id="8126">
					<description>Settings</description><include>ButtonCommonValues</include>
					<label>31959</label>
					<onclick>ActivateWindow(Settings)</onclick>
					<visible>Skin.HasSetting(RSideSubMenuSystem)</visible>
				</control>
				<control type="button" id="8125">
					<description>Appearance Settings</description><include>ButtonCommonValues</include>
					<label>480</label><label2>1390</label2>
					<onclick>ActivateWindow(AppearanceSettings)</onclick>
					<visible>Skin.HasSetting(RSideSubMenuSystem)</visible>
				</control>
				<control type="button" id="8157">
					<description>Skin Settings</description><include>ButtonCommonValues</include>
					<label>166</label><label2>1390</label2>
					<onclick>ActivateWindow(AppearanceSettings)</onclick>
					<visible>Skin.HasSetting(RSideSubMenuSystem)</visible>
				</control>
				
				<control type="button" id="8127">
					<description>Axel Downloader</description><include>ButtonCommonValues</include>
					<label>Axel Downloader</label>
					<onclick>RunAddon(script.module.axel.downloader)</onclick>
					<visible>Skin.HasSetting(RSideSubMenuSystem)</visible>
				</control>
				<control type="button" id="8128">
					<description>SendTo Axel</description><include>ButtonCommonValues</include>
					<label>SendTo Axel</label>
					<onclick>RunAddon(plugin.program.sendtoaxel)</onclick>
					<visible>[Player.HasMedia]+[Skin.HasSetting(RSideSubMenuSystem)]</visible>
				</control>
				<control type="button" id="8129">
					<description>Dreamcatcher</description><include>ButtonCommonValues</include>
					<label>Dreamcatcher</label>
					<onclick>RunAddon(plugin.program.dreamcatcher)</onclick>
					<visible>[Player.HasMedia]+[Skin.HasSetting(RSideSubMenuSystem)]</visible>
				</control>
				
				<control type="button" id="8130">
					<description>PlayDVD</description><include>ButtonCommonValues</include>
					<label>31958</label><onclick>PlayDVD()</onclick>
					<visible>[System.HasMediaDVD]+[Skin.HasSetting(RSideSubMenuSystem)]</visible>
				</control>
				<control type="button" id="8131">
					<description>EjectTray</description><include>ButtonCommonValues</include>
					<label>13391</label><onclick>EjectTray()</onclick>
					<visible>Skin.HasSetting(RSideSubMenuSystem)</visible>
				</control>
				
				<control type="button" id="8180">
					<description>Debug Grid</description><include>ButtonCommonValues</include>
					<label>Grid</label><label2>Debug</label2>
					<onclick>Skin.ToggleSetting(DebugGrid)</onclick>
					<visible>Skin.HasSetting(RSideSubMenuSystem)</visible>
				</control>
				<control type="button" id="8181">
					<description>Debug Info</description><include>ButtonCommonValues</include>
					<label>Info</label><label2>Debug</label2>
					<onclick>Skin.ToggleSetting(HideDebugInfo)</onclick>
					<visible>Skin.HasSetting(RSideSubMenuSystem)</visible>
				</control>
				
				<control type="button" id="8123">
					<description>Update Local Addons</description><include>ButtonCommonValues</include>
					<label>Update Local</label><label2>24001</label2>
					<onclick>UpdateLocalAddons()</onclick>
					<visible>Skin.HasSetting(RSideSubMenuSystem)</visible>
				</control>
				<control type="button" id="8124">
					<description>Reload Skin</description><include>ButtonCommonValues</include>
					<label>20183</label>
					<onclick>ReloadSkin()</onclick>
					<visible>Skin.HasSetting(RSideSubMenuSystem)</visible>
				</control>
				
			</control>
	</include>
	<include name="SideBladeLeft">
		<animation effect="slide" start="0,0" end="250,0" time="400" tween="quadratic" easing="out" condition="ControlGroup(9000).HasFocus | Control.HasFocus(9001) | Control.HasFocus(8999)">Conditional</animation>
		<animation effect="slide" start="0,0" end="-300,0" time="400" tween="quadratic" easing="out" condition="ControlGroup(9000).HasFocus | Control.HasFocus(9001)">WindowClose</animation>
		<animation effect="slide" start="0,0" end="-50,0" time="300" tween="quadratic" easing="out" condition="![ControlGroup(9000).HasFocus | Control.HasFocus(9001)]">WindowClose</animation>
		<animation effect="slide" start="-50,0" end="0,0" time="300" tween="quadratic" easing="out">WindowOpen</animation>
		<control type="button" id="8999">
			<description>Fake button for mouse control</description>
			<left>0</left><top>0</top><width>250</width><height>720</height>
			<label>-</label><font>-</font><texturenofocus>-</texturenofocus><texturefocus>-</texturefocus>
			<visible>true</visible>
		</control>
		<control type="button" id="9001">
			<left>250</left>
			<top>260</top>
			<width>42</width>
			<height>128</height>
			<font>-</font>
			<texturefocus colordiffuse="customcolor6">HasSub.png</texturefocus>
			<texturenofocus colordiffuse="customcolor6">HasSub.png</texturenofocus>
		</control>
		<control type="image">
			<left>0</left>
			<top>0</top>
			<width>260</width>
			<height>720</height>
			<texture colordiffuse="customcolor6" border="0,0,10,0">MediaBladeSub.png</texture>
		</control>
		<control type="image">
			<description>LOGO</description>
			<left>15</left>
			<top>0</top>
			<width>220</width>
			<height>80</height>
			<aspectratio>keep</aspectratio>
			<texture colordiffuse="customcolor6">Confluence_Logo.png</texture>
		</control>
	</include>
	<include name="Size16x16">
		<width>16</width>
		<height>16</height>
	</include>
	<include name="Size24x24">
		<width>24</width>
		<height>24</height>
	</include>
	<include name="Size32x32">
		<width>32</width>
		<height>32</height>
	</include>
	<include name="Size48x48">
		<width>48</width>
		<height>48</height>
	</include>
	<include name="Size64x64">
		<width>64</width>
		<height>64</height>
	</include>
	<include name="Size90x90">
		<width>90</width>
		<height>90</height>
	</include>
	<include name="Size120x120">
		<width>120</width>
		<height>120</height>
	</include>
	<include name="Size128x128">
		<width>128</width>
		<height>128</height>
	</include>
	<include name="Size218x218">
		<width>218</width>
		<height>218</height>
	</include>
	<include name="Size256x256">
		<width>256</width>
		<height>256</height>
	</include>
	<include name="MainWindowMouseButtons">
		<control type="group">
			<left>120r</left>
			<top>55r</top>
			<animation effect="fade" time="250" condition="Window.Previous(Home)">WindowOpen</animation>
			<animation effect="fade" time="250" condition="Window.Next(Home)">WindowClose</animation>
			<visible>system.getbool(input.enablemouse)</visible>
			<control type="button">
				<description>Back push button</description>
				<left>0</left>
				<top>0</top>
				<width>45</width>
				<height>45</height>
				<label>1036</label>
				<font>-</font>
				<onclick>back</onclick>
				<texturefocus colordiffuse="cchhomebtn2" border="5">floorbutton-fo.png</texturefocus>
				<texturenofocus colordiffuse="cchhomebtn1" border="5">floorbutton-fo.png</texturenofocus>
				<onleft>50</onleft>
				<onright>50</onright>
				<onup>50</onup>
				<ondown>50</ondown>
			</control>
			<control type="image">
				<description>Back Icon</description>
				<left>5</left>
				<top>5</top>
				<width>35</width>
				<height>35</height>
				<aspectratio>keep</aspectratio>
				<texture colordiffuse="customcolor6">icon_back.png</texture>
			</control>
			<control type="button">
				<description>Home push button</description>
				<left>55</left>
				<top>0</top>
				<width>45</width>
				<height>45</height>
				<label>31003</label>
				<font>-</font>
				<onclick>ActivateWindow(home)</onclick>
				<texturefocus colordiffuse="cchhomebtn2" border="5">floorbutton-fo.png</texturefocus>
				<texturenofocus colordiffuse="cchhomebtn1" border="5">floorbutton-fo.png</texturenofocus>
				<onleft>50</onleft>
				<onright>50</onright>
				<onup>50</onup>
				<ondown>50</ondown>
			</control>
			<control type="image">
				<description>Home Icon</description>
				<left>60</left>
				<top>5</top>
				<width>35</width>
				<height>35</height>
				<aspectratio>keep</aspectratio>
				<texture colordiffuse="customcolor6">icon_home.png</texture>
			</control>
		</control>
	</include>
	<include name="HomeButtons1B">
					<description>Home Screen Button - Button</description>
					<top>0</top>
					<width>45</width>
					<height>45</height>
					<font>-</font>
					<texturefocus colordiffuse="cchhomebtn2" border="5">floorbutton-fo.png</texturefocus>
					<texturenofocus colordiffuse="cchhomebtn1" border="5">floorbutton-fo.png</texturenofocus>
					<onup>9002</onup>
					<ondown>9003</ondown>
	</include>
	<include name="HomeButtons1I">
					<description>Home Screen Button - Image</description>
					<top>5</top>
					<width>35</width>
					<height>35</height>
					<aspectratio>keep</aspectratio>
					<colordiffuse>cchhomebtni</colordiffuse>
	</include>
	<include name="CommonNowPlaying">
		<control type="group">
			<visible>Player.HasMedia + !SubString(Window(videolibrary).Property(TvTunesIsAlive),TRUE)</visible>
			<include>VisibleFadeEffect</include>
			<animation effect="fade" time="250" condition="Window.Previous(Home)">WindowOpen</animation>
			<animation effect="fade" time="250" condition="Window.Next(Home)">WindowClose</animation>
			<control type="button">
				<description>push button</description>
				<left>30</left>
				<top>55r</top>
				<width>45</width>
				<height>45</height>
				<label>31003</label>
				<font>-</font>
				<onclick>ActivateWindow(PlayerControls)</onclick>
				<texturefocus colordiffuse="cchhomebtn2" border="5">floorbutton-fo.png</texturefocus>
				<texturenofocus colordiffuse="cchhomebtn1" border="5">floorbutton-fo.png</texturenofocus>
				<onleft>50</onleft>
				<onright>50</onright>
				<onup>50</onup>
				<ondown>50</ondown>
			</control>
			<control type="image">
				<description>Player Icon</description>
				<left>35</left>
				<top>50r</top>
				<width>35</width>
				<height>35</height>
				<aspectratio>keep</aspectratio>
				<texture colordiffuse="customcolor6">icon_player.png</texture>
			</control>
			<control type="label">
				<left>85</left>
				<top>53r</top>
				<width>700</width>
				<height>20</height>
				<label>$INFO[Player.Title] - ([COLOR=customcolor6]$INFO[Player.Time] / $INFO[Player.Duration,][/COLOR])</label>
				<align>left</align>
				<aligny>center</aligny>
				<font>font12</font>
				<textcolor>customcolor2</textcolor>
				<shadowcolor>customcolor5</shadowcolor>
			</control>
			<control type="label">
				<left>85</left>
				<top>32r</top>
				<width>700</width>
				<height>20</height>
				<label>$INFO[MusicPlayer.Artist]$INFO[MusicPlayer.Album, - ]</label>
				<align>left</align>
				<aligny>center</aligny>
				<font>font12</font>
				<textcolor>customcolor2</textcolor>
				<shadowcolor>customcolor5</shadowcolor>
				<visible>Player.HasAudio</visible>
			</control>
			<control type="label">
				<left>85</left>
				<top>30r</top>
				<width>700</width>
				<height>20</height>
				<label>$INFO[VideoPlayer.Studio]</label>
				<align>left</align>
				<aligny>center</aligny>
				<font>font12</font>
				<textcolor>customcolor2</textcolor>
				<shadowcolor>customcolor5</shadowcolor>
				<visible>Player.HasVideo + VideoPlayer.Content(Movies)</visible>
			</control>
			<control type="label">
				<left>85</left>
				<top>30r</top>
				<width>700</width>
				<height>20</height>
				<label>$INFO[VideoPlayer.TVShowTitle]</label>
				<align>left</align>
				<aligny>center</aligny>
				<font>font12</font>
				<textcolor>customcolor2</textcolor>
				<shadowcolor>customcolor5</shadowcolor>
				<visible>Player.HasVideo + VideoPlayer.Content(Episodes)</visible>
			</control>
			<control type="label">
				<left>85</left>
				<top>30r</top>
				<width>700</width>
				<height>20</height>
				<label>$INFO[VideoPlayer.Artist]</label>
				<align>left</align>
				<aligny>center</aligny>
				<font>font12</font>
				<textcolor>customcolor2</textcolor>
				<shadowcolor>customcolor5</shadowcolor>
				<visible>Player.HasVideo + VideoPlayer.Content(MusicVideos)</visible>
			</control>
			<control type="label">
				<left>85</left>
				<top>30r</top>
				<width>700</width>
				<height>20</height>
				<label>$INFO[VideoPlayer.ChannelName]$INFO[VideoPlayer.ChannelNumberLabel, - ([COLOR=customcolor6],[/COLOR])]</label>
				<align>left</align>
				<aligny>center</aligny>
				<font>font12</font>
				<textcolor>customcolor2</textcolor>
				<shadowcolor>customcolor5</shadowcolor>
				<visible>Player.HasVideo + VideoPlayer.Content(LiveTV)</visible>
			</control>
		</control>
	</include>
	<include name="CommonPageCount">
		<control type="group">
			<animation effect="slide" start="0,0" end="-90,0" time="0" condition="system.getbool(input.enablemouse)">Conditional</animation>
			<control type="label">
				<description>Page Count Label</description>
				<right>40</right>
				<top>53r</top>
				<width>500</width>
				<height>20</height>
				<font>font12</font>
				<textcolor>customcolor2</textcolor>
				<scroll>false</scroll>
				<align>right</align>
				<aligny>center</aligny>
				<label>$INFO[Container.NumItems,([COLOR=customcolor6],[/COLOR]) $LOCALIZE[31025]]$INFO[Container.CurrentPage, - $LOCALIZE[31024] ([COLOR=customcolor6]]$INFO[Container.NumPages,/,[/COLOR])]</label>
				<include>Window_OpenClose_Animation</include>
			</control>
			<control type="label">
				<description>Container Duration Label</description>
				<right>40</right>
				<top>32r</top>
				<width>500</width>
				<height>20</height>
				<font>font12</font>
				<textcolor>customcolor2</textcolor>
				<scroll>false</scroll>
				<align>right</align>
				<aligny>center</aligny>
				<label>$INFO[Container.TotalTime,$LOCALIZE[31009] ([COLOR=customcolor6],[/COLOR])]</label>
				<include>Window_OpenClose_Animation</include>
			</control>
		</control>
	</include>
	<include name="SmallMusicInfo">
		<control type="image">
			<description>gradient</description>
			<left>0</left>
			<top>0</top>
			<width>500</width>
			<height>165</height>
			<colordiffuse>DDFFFFFF</colordiffuse>
			<texture border="20">OverlayDialogBackground.png</texture>
		</control>
		<control type="image">
			<description>Cover image</description>
			<left>20</left>
			<top>17</top>
			<width>130</width>
			<height>130</height>
			<texture>$INFO[MusicPlayer.Cover]</texture>
		</control>
		<control type="label">
			<description>Artist label</description>
			<left>160</left>
			<top>20</top>
			<height>30</height>
			<width>325</width>
			<label>$INFO[MusicPlayer.Artist]</label>
			<align>left</align>
			<aligny>center</aligny>
			<font>font12_title</font>
			<textcolor>customcolor3</textcolor>
			<shadowcolor>customcolor5</shadowcolor>
		</control>
		<control type="fadelabel">
			<description>Title label</description>
			<left>160</left>
			<top>43</top>
			<height>30</height>
			<width>325</width>
			<label>$INFO[Player.Title]</label>
			<align>left</align>
			<aligny>center</aligny>
			<font>font13_title</font>
			<textcolor>customcolor1</textcolor>
			<shadowcolor>customcolor5</shadowcolor>
			<scrollout>false</scrollout>
			<pauseatend>2000</pauseatend>
		</control>
		<control type="label">
			<description>Album Label</description>
			<left>160</left>
			<top>70</top>
			<height>30</height>
			<width>325</width>
			<label>$INFO[MusicPlayer.Album]$INFO[musicplayer.discnumber, - $LOCALIZE[427]:]</label>
			<align>left</align>
			<aligny>center</aligny>
			<font>font12</font>
			<textcolor>customcolor1</textcolor>
			<shadowcolor>customcolor5</shadowcolor>
		</control>
		<control type="label">
			<description>Time Label</description>
			<left>160</left>
			<top>95</top>
			<height>30</height>
			<width>325</width>
			<label>$INFO[MusicPlayer.Time]$INFO[MusicPlayer.Duration, / ]</label>
			<align>left</align>
			<aligny>center</aligny>
			<font>font12</font>
			<textcolor>customcolor1</textcolor>
			<shadowcolor>customcolor5</shadowcolor>
		</control>
		<control type="label">
			<description>Next Label</description>
			<left>160</left>
			<top>120</top>
			<height>30</height>
			<width>325</width>
			<label>[COLOR=customcolor6]$LOCALIZE[19031] :[/COLOR] $INFO[MusicPlayer.offset(1).Title]</label>
			<align>right</align>
			<aligny>center</aligny>
			<font>font12</font>
			<textcolor>customcolor2</textcolor>
			<shadowcolor>customcolor5</shadowcolor>
		</control>
	</include>
	<include name="SmallVideoInfo">
		<control type="image">
			<description>gradient</description>
			<left>0</left>
			<top>0</top>
			<width>500</width>
			<height>165</height>
			<colordiffuse>DDFFFFFF</colordiffuse>
			<texture border="20">OverlayDialogBackground.png</texture>
		</control>
		<control type="image">
			<description>Cover image</description>
			<left>20</left>
			<top>17</top>
			<width>130</width>
			<height>130</height>
			<aspectratio>keep</aspectratio>
			<texture>$INFO[VideoPlayer.cover]</texture>
		</control>
		<control type="label">
			<description>Studio label</description>
			<left>160</left>
			<top>20</top>
			<height>30</height>
			<width>325</width>
			<label>$INFO[VideoPlayer.Studio]</label>
			<align>left</align>
			<aligny>center</aligny>
			<font>font12_title</font>
			<textcolor>customcolor3</textcolor>
			<shadowcolor>customcolor5</shadowcolor>
			<visible>!videoplayer.content(episodes) + !videoplayer.content(musicvideos)</visible>
		</control>
		<control type="label">
			<description>TV Show Title label</description>
			<left>160</left>
			<top>20</top>
			<height>30</height>
			<width>325</width>
			<label>$INFO[VideoPlayer.tvshowtitle]</label>
			<align>left</align>
			<aligny>center</aligny>
			<font>font12_title</font>
			<textcolor>customcolor1</textcolor>
			<shadowcolor>customcolor5</shadowcolor>
			<visible>videoplayer.content(episodes)</visible>
		</control>
		<control type="fadelabel">
			<description>Music Video Artist label</description>
			<left>160</left>
			<top>20</top>
			<height>30</height>
			<width>325</width>
			<label>$INFO[VideoPlayer.Artist]</label>
			<align>left</align>
			<aligny>center</aligny>
			<font>font12_title</font>
			<textcolor>customcolor1</textcolor>
			<shadowcolor>customcolor5</shadowcolor>
			<visible>videoplayer.content(musicvideos)</visible>
			<scrollout>false</scrollout>
			<pauseatend>2000</pauseatend>
		</control>
		<control type="fadelabel">
			<description>Title label</description>
			<left>160</left>
			<top>43</top>
			<height>30</height>
			<width>325</width>
			<label>$INFO[Player.Title]</label>
			<align>left</align>
			<aligny>center</aligny>
			<font>font13_title</font>
			<textcolor>customcolor1</textcolor>
			<shadowcolor>customcolor5</shadowcolor>
			<scrollout>false</scrollout>
			<pauseatend>2000</pauseatend>
		</control>
		<control type="label">
			<description>Genre label</description>
			<left>160</left>
			<top>70</top>
			<height>30</height>
			<width>325</width>
			<label>$INFO[VideoPlayer.Genre]</label>
			<align>left</align>
			<aligny>center</aligny>
			<font>font12</font>
			<textcolor>customcolor1</textcolor>
			<shadowcolor>customcolor5</shadowcolor>
			<visible>!videoplayer.content(episodes) + !videoplayer.content(musicvideos)</visible>
		</control>
		<control type="label">
			<left>160</left>
			<top>70</top>
			<height>30</height>
			<width>325</width>
			<label>$INFO[VideoPlayer.Album]</label>
			<align>left</align>
			<aligny>center</aligny>
			<font>font12</font>
			<textcolor>customcolor1</textcolor>
			<shadowcolor>customcolor5</shadowcolor>
			<visible>videoplayer.content(musicvideos)</visible>
		</control>
		<control type="label">
			<description>Season and Episode label</description>
			<left>160</left>
			<top>70</top>
			<height>30</height>
			<width>325</width>
			<label>$LOCALIZE[20373] $INFO[VideoPlayer.Season] - $LOCALIZE[20359] $INFO[VideoPlayer.episode]</label>
			<align>left</align>
			<aligny>center</aligny>
			<font>font12</font>
			<textcolor>customcolor1</textcolor>
			<shadowcolor>customcolor5</shadowcolor>
			<visible>videoplayer.content(episodes)</visible>
		</control>
		<control type="label">
			<description>Time Label</description>
			<left>160</left>
			<top>95</top>
			<height>30</height>
			<width>325</width>
			<label>$INFO[VideoPlayer.Time]$INFO[VideoPlayer.Duration, / ]</label>
			<align>left</align>
			<aligny>center</aligny>
			<font>font12</font>
			<textcolor>customcolor1</textcolor>
			<shadowcolor>customcolor5</shadowcolor>
		</control>
	</include>
	<include name="CommonNowPlaying_Controls">
		<control type="label" id="202">
			<width>250</width>
			<height>35</height>
			<font>font12</font>
			<label>31023</label>
			<textcolor>customcolor6</textcolor>
			<align>center</align>
			<aligny>center</aligny>
			<visible>Player.HasMedia</visible>
			<include>VisibleFadeEffect</include>
		</control>
		<control type="button" id="610">
			<description>Fake Button to fix Player Controls Navigation</description>
			<visible>false</visible>
		</control>
		<control type="group" id="9006">
			<width>250</width>
			<height>45</height>
			<visible>VideoPlayer.Content(LiveTV)</visible>
			<include>VisibleFadeEffect</include>
			<control type="button" id="600">
				<left>20</left>
				<top>2</top>
				<width>39</width>
				<height>39</height>
				<label>-</label>
				<texturefocus colordiffuse="btnfo">OSDChannelUPFO.png</texturefocus>
				<texturenofocus colordiffuse="btnnf">OSDChannelUPNF.png</texturenofocus>
				<onleft>50</onleft>
				<onright>601</onright>
				<onup>610</onup>
				<ondown>611</ondown>
				<onclick>ChannelDown</onclick>
			</control>
			<control type="button" id="601">
				<left>60</left>
				<top>2</top>
				<width>39</width>
				<height>39</height>
				<label>-</label>
				<texturefocus colordiffuse="btnfo">OSDChannelDownFO.png</texturefocus>
				<texturenofocus colordiffuse="btnnf">OSDChannelDownNF.png</texturenofocus>
				<onleft>600</onleft>
				<onright>603</onright>
				<onup>610</onup>
				<ondown>611</ondown>
				<onclick>ChannelUp</onclick>
			</control>
			<control type="button" id="603">
				<left>100</left>
				<top>2</top>
				<width>39</width>
				<height>39</height>
				<label>-</label>
				<texturefocus colordiffuse="btnfo">OSDStopFO.png</texturefocus>
				<texturenofocus colordiffuse="btnnf">OSDStopNF.png</texturenofocus>
				<onleft>601</onleft>
				<onright>604</onright>
				<onup>610</onup>
				<ondown>611</ondown>
				<onclick>down</onclick>
				<onclick>PlayerControl(Stop)</onclick>
			</control>
			<control type="togglebutton" id="604">
				<left>140</left>
				<top>2</top>
				<width>39</width>
				<height>39</height>
				<label>-</label>
				<texturefocus colordiffuse="btnfo">OSDPauseFO.png</texturefocus>
				<texturenofocus colordiffuse="btnnf">OSDPauseNF.png</texturenofocus>
				<usealttexture>Player.Paused | Player.Forwarding | Player.Rewinding</usealttexture>
				<alttexturefocus colordiffuse="btnfo">OSDPlayFO.png</alttexturefocus>
				<alttexturenofocus colordiffuse="btnnf">OSDPlayNF.png</alttexturenofocus>
				<onleft>603</onleft>
				<onright>605</onright>
				<onup>610</onup>
				<ondown>606</ondown>
				<onback>50</onback>
				<onclick>PlayerControl(Play)</onclick>
				<enable>Player.PauseEnabled</enable>
				<animation effect="fade" start="100" end="30" time="100" condition="!Player.PauseEnabled">Conditional</animation>
			</control>
			<control type="button" id="605">
				<left>180</left>
				<top>2</top>
				<width>39</width>
				<height>39</height>
				<label>-</label>
				<texturefocus colordiffuse="btnfo">OSDRecordOffFO.png</texturefocus>
				<texturenofocus colordiffuse="btnnf">OSDRecordOffNF.png</texturenofocus>
				<onleft>604</onleft>
				<onright>50</onright>
				<onup>610</onup>
				<ondown>611</ondown>
				<onclick>PlayerControl(record)</onclick>
				<enable>Player.CanRecord</enable>
				<animation effect="fade" start="100" end="30" time="100" condition="!Player.CanRecord">Conditional</animation>
			</control>
		</control>
		<control type="group" id="9005">
			<visible>Player.HasMedia</visible>
			<visible>!VideoPlayer.Content(LiveTV)</visible>
			<include>VisibleFadeEffect</include>
			<width>250</width>
			<height>45</height>
			<defaultcontrol always="true">603</defaultcontrol>
			<control type="button" id="600">
				<left>5</left>
				<top>2</top>
				<width>39</width>
				<height>39</height>
				<label>-</label>
				<texturefocus colordiffuse="btnfo">OSDPrevTrackFO.png</texturefocus>
				<texturenofocus colordiffuse="btnnf">OSDPrevTrackNF.png</texturenofocus>
				<onleft>50</onleft>
				<onright>606</onright>
				<onup>610</onup>
				<ondown>611</ondown>
				<onback>50</onback>
				<onclick>PlayerControl(Previous)</onclick>
			</control>
			<control type="button" id="606">
				<left>45</left>
				<top>2</top>
				<width>39</width>
				<height>39</height>
				<label>-</label>
				<texturefocus colordiffuse="btnfo">OSDRewindFO.png</texturefocus>
				<texturenofocus colordiffuse="btnnf">OSDRewindNF.png</texturenofocus>
				<onleft>600</onleft>
				<onright>603</onright>
				<onup>610</onup>
				<ondown>611</ondown>
				<onback>50</onback>
				<onclick>PlayerControl(Rewind)</onclick>
				<visible>Window.IsVisible(MusicPlaylist) | Window.IsVisible(VideoPlaylist) | Player.HasVideo</visible>
			</control>
			<control type="group">
				<animation effect="slide" start="0,0" end="40,0" time="0" condition="Window.IsVisible(MusicPlaylist) | Window.IsVisible(VideoPlaylist) | Player.HasVideo">Conditional</animation>
				<control type="togglebutton" id="603">
					<left>45</left>
					<top>2</top>
					<width>39</width>
					<height>39</height>
					<label>-</label>
					<texturefocus colordiffuse="btnfo">OSDPauseFO.png</texturefocus>
					<texturenofocus colordiffuse="btnnf">OSDPauseNF.png</texturenofocus>
					<usealttexture>Player.Paused | Player.Forwarding | Player.Rewinding</usealttexture>
					<alttexturefocus colordiffuse="btnfo">OSDPlayFO.png</alttexturefocus>
					<alttexturenofocus colordiffuse="btnnf">OSDPlayNF.png</alttexturenofocus>
					<onleft>606</onleft>
					<onright>601</onright>
					<onup>610</onup>
					<ondown>611</ondown>
					<onback>50</onback>
					<onclick>PlayerControl(Play)</onclick>
				</control>
				<control type="button" id="601">
					<left>85</left>
					<top>2</top>
					<width>39</width>
					<height>39</height>
					<label>-</label>
					<texturefocus colordiffuse="btnfo">OSDStopFO.png</texturefocus>
					<texturenofocus colordiffuse="btnnf">OSDStopNF.png</texturenofocus>
					<onleft>603</onleft>
					<onright>607</onright>
					<onup>610</onup>
					<ondown>611</ondown>
					<onback>50</onback>
					<onclick>down</onclick>
					<onclick>PlayerControl(Stop)</onclick>
				</control>
				<control type="button" id="607">
					<left>125</left>
					<top>2</top>
					<width>39</width>
					<height>39</height>
					<label>-</label>
					<texturefocus colordiffuse="btnfo">OSDForwardFO.png</texturefocus>
					<texturenofocus colordiffuse="btnnf">OSDForwardNF.png</texturenofocus>
					<onleft>601</onleft>
					<onright>602</onright>
					<onup>610</onup>
					<ondown>611</ondown>
					<onback>50</onback>
					<onclick>PlayerControl(Forward)</onclick>
					<visible>Window.IsVisible(MusicPlaylist) | Window.IsVisible(VideoPlaylist) | Player.HasVideo</visible>
				</control>
				<control type="button" id="602">
					<left>125</left>
					<top>2</top>
					<width>39</width>
					<height>39</height>
					<label>-</label>
					<texturefocus colordiffuse="btnfo">OSDNextTrackFO.png</texturefocus>
					<texturenofocus colordiffuse="btnnf">OSDNextTrackNF.png</texturenofocus>
					<onleft>607</onleft>
					<onright>604</onright>
					<onup>610</onup>
					<ondown>611</ondown>
					<onback>50</onback>
					<onclick>PlayerControl(Next)</onclick>
					<animation effect="slide" start="0,0" end="40,0" time="0" condition="Window.IsVisible(MusicPlaylist) | Window.IsVisible(VideoPlaylist) | Player.HasVideo">Conditional</animation>
				</control>
			</control>
			<control type="group">
				<visible>!Window.IsVisible(MusicPlaylist) + !Window.IsVisible(VideoPlaylist) + !Player.HasVideo</visible>
				<control type="button" id="604">
					<left>165</left>
					<top>2</top>
					<width>39</width>
					<height>39</height>
					<label>-</label>
					<texturefocus>-</texturefocus>
					<texturenofocus>-</texturenofocus>
					<onclick>PlayerControl(Repeat)</onclick>
					<onleft>602</onleft>
					<onright>605</onright>
					<onup>610</onup>
					<ondown>611</ondown>
					<onback>50</onback>
				</control>
				<control type="image">
					<left>165</left>
					<top>2</top>
					<width>39</width>
					<height>39</height>
					<texture colordiffuse="btnnf">OSDRepeatNF.png</texture>
					<visible>!Playlist.IsRepeat + !Playlist.IsRepeatOne</visible>
					<visible>!Control.HasFocus(604)</visible>
				</control>
				<control type="image">
					<left>165</left>
					<top>2</top>
					<width>39</width>
					<height>39</height>
					<texture colordiffuse="btnfo">OSDRepeatFO.png</texture>
					<visible>!Playlist.IsRepeat + !Playlist.IsRepeatOne</visible>
					<visible>Control.HasFocus(604)</visible>
				</control>
				<control type="image">
					<left>165</left>
					<top>2</top>
					<width>39</width>
					<height>39</height>
					<texture colordiffuse="btnnf">OSDRepeatOneNF.png</texture>
					<visible>Playlist.IsRepeatOne</visible>
					<visible>!Control.HasFocus(604)</visible>
				</control>
				<control type="image">
					<left>165</left>
					<top>2</top>
					<width>39</width>
					<height>39</height>
					<texture colordiffuse="btnfo">OSDRepeatOneFO.png</texture>
					<visible>Playlist.IsRepeatOne</visible>
					<visible>Control.HasFocus(604)</visible>
				</control>
				<control type="image">
					<left>165</left>
					<top>2</top>
					<width>39</width>
					<height>39</height>
					<texture colordiffuse="btnnf">OSDRepeatAllNF.png</texture>
					<visible>Playlist.IsRepeat</visible>
					<visible>!Control.HasFocus(604)</visible>
				</control>
				<control type="image">
					<left>165</left>
					<top>2</top>
					<width>39</width>
					<height>39</height>
					<texture colordiffuse="btnfo">OSDRepeatAllFO.png</texture>
					<visible>Playlist.IsRepeat</visible>
					<visible>Control.HasFocus(604)</visible>
				</control>
				<control type="togglebutton" id="605">
					<left>205</left>
					<top>2</top>
					<width>39</width>
					<height>39</height>
					<label>-</label>
					<texturefocus colordiffuse="btnfo">OSDRandomOffFO.png</texturefocus>
					<texturenofocus colordiffuse="btnnf">OSDRandomOffNF.png</texturenofocus>
					<usealttexture>Playlist.IsRandom</usealttexture>
					<alttexturefocus colordiffuse="btnfo">OSDRandomOnFO.png</alttexturefocus>
					<alttexturenofocus colordiffuse="btnnf">OSDRandomOnNF.png</alttexturenofocus>
					<onclick>PlayerControl(Random)</onclick>
					<onleft>604</onleft>
					<onright>50</onright>
					<onup>610</onup>
					<ondown>611</ondown>
					<onback>50</onback>
				</control>
			</control>
		</control>
		<control type="radiobutton" id="611">
			<description>Go to fullscreen Playback</description>
			<include>ButtonCommonValues</include>
			<label>31008</label>
			<onclick>fullscreen</onclick>
			<textureradioonfocus colordiffuse="btnfo">GoFullscreen.png</textureradioonfocus>
			<textureradioonnofocus colordiffuse="btnnf">GoFullscreen.png</textureradioonnofocus>
			<textureradioofffocus colordiffuse="btnfo">GoFullscreen.png</textureradioofffocus>
			<textureradiooffnofocus colordiffuse="btnnf">GoFullscreen.png</textureradiooffnofocus>
			<visible>Player.HasMedia</visible>
		</control>
		<control type="button" id="612">
			<description>Go to playlist</description>
			<include>ButtonCommonValues</include>
			<label>13350</label>
			<onclick>$VAR[PlayList]</onclick>
			<visible>[Window.IsActive(videolibrary) + !StringCompare(Playlist.Length(video),0)] | [[Window.IsActive(musiclibrary) | Window.IsActive(musicfiles)] + !StringCompare(Playlist.Length(music),0)]</visible>
		</control>
	</include>
	<include name="ScrollOffsetLabel">
		<control type="group">
			<visible>Container.Scrolling + [StringCompare(Container.SortMethod,$LOCALIZE[551]) | StringCompare(Container.SortMethod,$LOCALIZE[561]) | StringCompare(Container.SortMethod,$LOCALIZE[558]) | StringCompare(Container.SortMethod,$LOCALIZE[557]) | StringCompare(Container.SortMethod,$LOCALIZE[556])]</visible>
			<animation effect="slide" start="0,0" end="0,-60" time="100">Visible</animation>
			<animation effect="slide" start="0,-60" end="0,0" delay="400" time="100">Hidden</animation>
			<left>300r</left>
			<top>720</top>
			<control type="image">
				<left>0</left>
				<top>0</top>
				<width>70</width>
				<height>65</height>
				<texture colordiffuse="customcolor6" border="20,20,20,2">InfoMessagePanel.png</texture>
			</control>
			<control type="label">
				<left>5</left>
				<top>0</top>
				<width>65</width>
				<height>60</height>
				<align>center</align>
				<aligny>center</aligny>
				<label>$INFO[ListItem.SortLetter]</label>
				<textcolor>customcolor1</textcolor>
				<font>font30_title</font>
			</control>
		</control>
	</include>
	<include name="Clock">
		<control type="label">
			<description>time label</description>
			<right>20</right>
			<top>5</top>
			<width>200</width>
			<height>30</height>
			<align>right</align>
			<aligny>center</aligny>
			<font>font28_title</font>
			<textcolor>customcolor1</textcolor>
			<shadowcolor>customcolor5</shadowcolor>
			<label>$INFO[System.Time]</label>
			<animation effect="slide" start="0,0" end="-40,0" time="100" condition="Window.IsVisible(Mutebug)">conditional</animation>
		</control>
	</include>
	<include name="HomeAddonsCommonLayout">
		<include>Window_OpenClose_Animation</include>
		<animation type="Visible">
			<effect type="slide" start="0,30" end="0,0" delay="200" easing="out" tween="quadratic" time="200"/>
			<effect type="fade" start="0" end="100" delay="200" time="200"/>
		</animation>
		<animation type="Hidden">
			<effect type="zoom" start="100" end="70" center="auto" easing="in" tween="quadratic" time="300"/>
			<effect type="fade" start="100" end="0" time="300"/>
		</animation>
		<hitrect x="0" y="530" w="1280" h="120"/>
		<left>0</left>
		<top>190r</top>
		<width>1280</width>
		<height>200</height>
		<pagecontrol>-</pagecontrol>
		<scrolltime>300</scrolltime>
		<focusposition>3</focusposition>
		<movement>2</movement>
		<orientation>Horizontal</orientation>
		<itemlayout height="200" width="182">
			<control type="image">
				<left>0</left>
				<top>0</top>
				<width>180</width>
				<height>120</height>
				<aspectratio aligny="bottom">keep</aspectratio>
				<bordertexture border="5">button-nofocus.png</bordertexture>
				<bordersize>3</bordersize>
				<texture background="true">$INFO[ListItem.Icon]</texture>
			</control>
			<control type="image">
				<left>5</left>
				<top>120</top>
				<width>170</width>
				<height>110</height>
				<aspectratio aligny="top">keep</aspectratio>
				<texture diffuse="diffuse_mirror2.png" flipy="true" background="true">$INFO[ListItem.Icon]</texture>
			</control>
			<control type="label">
				<left>1</left>
				<top>125</top>
				<width>180</width>
				<height>20</height>
				<font>font12</font>
				<textcolor>customcolor3</textcolor>
				<align>center</align>
				<aligny>center</aligny>
				<label>$INFO[ListItem.Label]</label>
			</control>
		</itemlayout>
		<focusedlayout height="200" width="182">
			<control type="image">
				<left>0</left>
				<top>0</top>
				<width>180</width>
				<height>120</height>
				<aspectratio aligny="bottom">keep</aspectratio>
				<bordertexture border="5">button-nofocus.png</bordertexture>
				<bordersize>3</bordersize>
				<texture background="true">$INFO[ListItem.Icon]</texture>
				<visible>!ControlGroup(9002).HasFocus</visible>
			</control>
			<control type="image">
				<left>0</left>
				<top>0</top>
				<width>180</width>
				<height>120</height>
				<aspectratio aligny="bottom">keep</aspectratio>
				<bordertexture colordiffuse="folderfocus" border="5">folder-focus-w2.png</bordertexture>
				<bordersize>3</bordersize>
				<texture background="true">$INFO[ListItem.Icon]</texture>
				<visible>ControlGroup(9002).HasFocus</visible>
			</control>
			<control type="image">
				<left>5</left>
				<top>120</top>
				<width>170</width>
				<height>110</height>
				<aspectratio aligny="top">keep</aspectratio>
				<texture diffuse="diffuse_mirror2.png" flipy="true" background="true">$INFO[ListItem.Icon]</texture>
			</control>
			<control type="label">
				<left>1</left>
				<top>125</top>
				<width>180</width>
				<height>20</height>
				<font>font12</font>
				<textcolor>customcolor1</textcolor>
				<align>center</align>
				<aligny>center</aligny>
				<label>$INFO[ListItem.Label]</label>
				<visible>Control.HasFocus(9002)</visible>
			</control>
			<control type="label">
				<left>1</left>
				<top>125</top>
				<width>180</width>
				<height>20</height>
				<font>font12</font>
				<textcolor>customcolor3</textcolor>
				<align>center</align>
				<aligny>center</aligny>
				<label>$INFO[ListItem.Label]</label>
				<visible>!Control.HasFocus(9002)</visible>
			</control>
		</focusedlayout>
	</include>
	<include name="TVNextAiredListCommonLayout">
		<itemlayout height="150" width="280">
			<control type="image">
				<left>0</left>
				<top>0</top>
				<width>280</width>
				<height>145</height>
				<texture border="10">button-nofocus.png</texture>
			</control>
			<control type="image">
				<description>Thumb</description>
				<left>5</left>
				<top>5</top>
				<width>270</width>
				<height>55</height>
				<aspectratio>keep</aspectratio>
				<texture background="true">$INFO[ListItem.Property(Art(poster))]</texture>
				<visible>StringCompare(Window(Home).Property(TVGuide.ThumbType),0)</visible>
			</control>
			<control type="image">
				<description>Banner</description>
				<left>5</left>
				<top>5</top>
				<width>270</width>
				<height>55</height>
				<aspectratio>keep</aspectratio>
				<texture background="true">$INFO[ListItem.Property(Art(banner))]</texture>
				<visible>StringCompare(Window(Home).Property(TVGuide.ThumbType),1)</visible>
			</control>
			<control type="image">
				<description>Logo</description>
				<left>5</left>
				<top>5</top>
				<width>270</width>
				<height>55</height>
				<aspectratio>keep</aspectratio>
				<texture background="true">$INFO[ListItem.Property(Path),,logo.png]</texture>
				<visible>StringCompare(Window(Home).Property(TVGuide.ThumbType),2)</visible>
			</control>
			<control type="label">
				<description>Episode Number</description>
				<left>10</left>
				<top>60</top>
				<width>260</width>
				<height>15</height>
				<label>$INFO[ListItem.Property(NextNumber),$LOCALIZE[20359] [COLOR=customcolor6]-[/COLOR] ]</label>
				<textcolor>customcolor1</textcolor>
				<font>font12</font>
				<align>center</align>
			</control>
			<control type="label">
				<description>Episode Name</description>
				<left>10</left>
				<top>80</top>
				<width>260</width>
				<height>15</height>
				<label>$INFO[ListItem.Property(NextTitle)]</label>
				<textcolor>customcolor1</textcolor>
				<font>font12</font>
				<align>center</align>
			</control>
			<control type="label">
				<description>Next air date/time</description>
				<left>10</left>
				<top>100</top>
				<width>260</width>
				<height>15</height>
				<label>$INFO[ListItem.Property(ShortTime)]$INFO[ListItem.Property(NextDate), [COLOR=customcolor6]-[/COLOR] ]</label>
				<textcolor>customcolor3</textcolor>
				<font>font12</font>
				<align>center</align>
			</control>
			<control type="label">
				<description>Duration</description>
				<left>10</left>
				<top>120</top>
				<width>260</width>
				<height>15</height>
				<label>$INFO[ListItem.Property(Runtime),, $LOCALIZE[12391]]$INFO[ListItem.Property(Network), [COLOR=customcolor6]-[/COLOR] (,)]</label>
				<textcolor>customcolor3</textcolor>
				<font>font12</font>
				<align>center</align>
			</control>
		</itemlayout>
		<focusedlayout height="150" width="280">
			<control type="image">
				<left>0</left>
				<top>0</top>
				<width>280</width>
				<height>145</height>
				<texture border="10">buttonfocus2.png</texture>
			</control>
			<control type="image">
				<description>Thumb</description>
				<left>5</left>
				<top>5</top>
				<width>270</width>
				<height>55</height>
				<aspectratio>keep</aspectratio>
				<texture background="true">$INFO[ListItem.Property(Art(poster))]</texture>
				<visible>StringCompare(Window(Home).Property(TVGuide.ThumbType),0)</visible>
			</control>
			<control type="image">
				<description>Banner</description>
				<left>5</left>
				<top>5</top>
				<width>270</width>
				<height>55</height>
				<aspectratio>keep</aspectratio>
				<texture background="true">$INFO[ListItem.Property(Art(banner))]</texture>
				<visible>StringCompare(Window(Home).Property(TVGuide.ThumbType),1)</visible>
			</control>
			<control type="image">
				<description>Logo</description>
				<left>5</left>
				<top>5</top>
				<width>270</width>
				<height>55</height>
				<aspectratio>keep</aspectratio>
				<texture background="true">$INFO[ListItem.Property(Path),,logo.png]</texture>
				<visible>StringCompare(Window(Home).Property(TVGuide.ThumbType),2)</visible>
			</control>
			<control type="label">
				<description>Episode Number</description>
				<left>10</left>
				<top>60</top>
				<width>260</width>
				<height>15</height>
				<label>$INFO[ListItem.Property(NextNumber),$LOCALIZE[20359] [COLOR=customcolor6]-[/COLOR] ]</label>
				<textcolor>selected</textcolor>
				<font>font12</font>
				<align>center</align>
			</control>
			<control type="label">
				<description>Episode Name</description>
				<left>10</left>
				<top>80</top>
				<width>260</width>
				<height>15</height>
				<label>$INFO[ListItem.Property(NextTitle)]</label>
				<textcolor>selected</textcolor>
				<font>font12</font>
				<align>center</align>
			</control>
			<control type="label">
				<description>Next air date/time</description>
				<left>10</left>
				<top>100</top>
				<width>260</width>
				<height>15</height>
				<label>$INFO[ListItem.Property(ShortTime)]$INFO[ListItem.Property(NextDate), [COLOR=customcolor6]-[/COLOR] ]</label>
				<textcolor>customcolor1</textcolor>
				<font>font12</font>
				<align>center</align>
			</control>
			<control type="label">
				<description>Duration</description>
				<left>10</left>
				<top>120</top>
				<width>260</width>
				<height>15</height>
				<label>$INFO[ListItem.Property(Runtime),, $LOCALIZE[12391]]$INFO[ListItem.Property(Network), [COLOR=customcolor6]-[/COLOR] (,)]</label>
				<textcolor>customcolor1</textcolor>
				<font>font12</font>
				<align>center</align>
			</control>
		</focusedlayout>
	</include>
	<include name="backgroundfade">
		<animation effect="fade" time="600">Visible</animation>
		<animation effect="fade" time="600">Hidden</animation>
	</include>
	<include name="Window_OpenClose_Animation">
		<animation effect="fade" time="250">WindowOpen</animation>
		<animation effect="fade" time="250">WindowClose</animation>
	</include>
	<include name="dialogeffect">
		<animation effect="fade" time="250">WindowOpen</animation>
		<animation effect="fade" time="250">WindowClose</animation>
	</include>
	<include name="VisibleFadeEffect">
		<animation effect="fade" time="300">Visible</animation>
		<animation effect="fade" time="300">Hidden</animation>
	</include>
	<include name="KeyboardButton">
		<width>50</width>
		<height>50</height>
		<texturenofocus border="3">KeyboardKeyNF.png</texturenofocus>
		<texturefocus colordiffuse="customcolor6" border="5">KeyboardKey.png</texturefocus>
		<align>center</align>
		<aligny>center</aligny>
		<font>font13</font>
		<focusedcolor>customcolor5</focusedcolor>
	</include>
</includes>
