<?xml version="1.0" encoding="UTF-8" standalone="yes"?>
<addon id="plugin.video.ratchetvideo"
	name="Ratchet Video Weekly"
	version="1.0.2"
	provider-name="xbmchub.com">
  <requires>
    <import addon="xbmc.python" version="2.1.0"/>
    <import addon="plugin.video.youtube" version="3.0.0"/>
  </requires>
  <extension point="xbmc.python.pluginsource" library="default.py">
    <provides>video</provides>
  </extension>
  <extension point="xbmc.addon.metadata">
    <summary lang="en">Ratchet Video Weekly</summary>
    <description lang="en">This channel features some of the most ratchet videos on the internet.</description>
    <platform>all</platform>
    <forum></forum>
    <website></website>
  </extension>
</addon>
