<?xml version="1.0" encoding="UTF-8" standalone="yes"?>
<addon id="plugin.audio.xbmchubmusic" name="XunityTalk Music" version="3.2.1" provider-name=".[COLOR blue]X[/COLOR]unity[COLOR blue]T[/COLOR]alk">
  <requires>
    <import addon="xbmc.python" version="2.1.0"/>
  </requires>
  <extension point="xbmc.python.pluginsource" library="default.py">
        <provides>audio</provides>
  </extension>
  <extension point="xbmc.addon.metadata">
    <summary lang="en">en</summary>
    <description lang="en">Stream All Of Your Favourite Music</description>
    <disclaimer lang="en">By using This Plugin You will receive sometimes an advert which helps funds the developers developing.....we all thank you!!</disclaimer>
    <platform>all</platform>
  </extension>
</addon>
