<?xml version="1.0" encoding="UTF-8" standalone="yes"?>
<addon id="plugin.video.quickwizard" version="1.2.2" name="Supabox Quick Wizard" provider-name="flaggsoft.com">
	<requires>
		<import addon="xbmc.python" version="2.1.0"/>
	</requires>
	<extension point="xbmc.python.pluginsource" library="default.py">
		<provides>executable</provides>
	</extension>
	<extension point="xbmc.addon.metadata">
		<summary>The Supabox Quick Wizard</summary>
		<description>Quick prep addon</description>
		<website></website>
		<platform>all</platform>
		<forum></forum>
		<website></website>
	</extension>
</addon>
