<window>
	<coordinates>
		<system>1</system>
		<posx>185</posx>
		<posy>60</posy>
	</coordinates>
	<controls>
		<control type="group">
			<control type="image">
				<description>background image</description>
				<posx>0</posx>
				<posy>0</posy>
				<width>920</width>
				<height>600</height>
				<aspectratio>stretch</aspectratio>
				<texture border="40">DialogBack.png</texture>
			</control>
			<control type="image">
				<description>Dialog Header image</description>
				<posx>40</posx>
				<posy>16</posy>
				<width>840</width>
				<height>40</height>
				<texture>dialogheader.png</texture>
			</control>
			<control type="label">
				<description>header label</description>
				<posx>40</posx>
				<posy>20</posy>
				<width>840</width>
				<height>30</height>
				<font>font16</font>
				<label>[COLOR grey3]V[/COLOR][COLOR green]ideo Guide[/COLOR][COLOR grey3]s[/COLOR]</label>
				<align>center</align>
				<aligny>center</aligny>
				<shadowcolor>black</shadowcolor>
			</control>
			<control type="button">
				<description>Close Window button</description>
				<posx>830</posx>
				<posy>15</posy>
				<width>64</width>
				<height>32</height>
				<label>-</label>
				<font>-</font>
				<onclick>PreviousMenu</onclick>
				<texturefocus>DialogCloseButton-focus.png</texturefocus>
				<texturenofocus>DialogCloseButton.png</texturenofocus>
				<onleft>3</onleft>
				<onright>3</onright>
				<onup>3</onup>
				<ondown>3</ondown>
				<visible>system.getbool(input.enablemouse)</visible>
			</control>
			<control type="image">
				<description>Logo</description>
				<posx>10</posx>
				<posy>22</posy>
				<width>200</width>
				<height>30</height>
				<texture>xbmc-logoverride.png</texture>
			</control>
			
			
				
		</control>
	</controls>
</window>
