<?xml version="1.0" encoding="UTF-8"?>
<!--suppress ALL -->
<addon id="plugin.video.1channel" version="2.1.2.0" name="Supabox Movie 1" provider-name="Bstrdsmkr">
    <requires>
        <import addon="xbmc.python" version="2.1.0"/>
        <import addon="script.module.urlresolver"/>
        <import addon="script.module.t0mm0.common"/>
        <import addon="script.module.metahandler" />
        <import addon="script.module.myconnpy" />
    </requires>
    <extension point="xbmc.python.pluginsource" library="default.py">
        <provides>video</provides>
    </extension>
    <extension point="xbmc.service" library="service.py" start="startup">
    </extension>
    <extension point="xbmc.addon.metadata">
        <summary>Browse Movies 1</summary>
        <description>Play a wide selection of movies and TV shows from SupaboxTv.
        </description>
        <platform>all</platform>
    </extension>
</addon>
