<?xml version="1.0" encoding="UTF-8" standalone="yes"?>
<addon id="plugin.video.worldstarhiphop"
	name="World Star Hiphop"
	version="1.0.0.1"
	provider-name="Flaggsoft">
  <requires>
    <import addon="xbmc.python" version="2.1.0"/>
    <import addon="plugin.video.youtube" version="3.0.0"/>
  </requires>
  <extension point="xbmc.python.pluginsource" library="default.py">
    <provides>video</provides>
  </extension>
  <extension point="xbmc.addon.metadata">
    <summary>World Star Hiphop</summary>
    <description>The official WorldStarHipHop channel featuring exclusive music video premieres, behind the scenes, original series and more.</description>
    <platform>all</platform>
  </extension>
</addon>
