<?xml version="1.0" encoding="UTF-8"?>
<addon
  id="skin.supaboxtv"
  version="1.0.3"
  name="SupaboxTV"
  provider-name="Flaggsoft">
  <requires>
    <import addon="xbmc.gui" version="4.0.0"/>
  </requires>
  <extension
    point="xbmc.gui.skin"
    defaultthemename="textures.xbt"
    debugging="false"
    effectslowdown="0.75">
    <res width="1280" height="720" aspect="16:9" default="true" folder="720p" />
  </extension>
  <extension point="xbmc.addon.metadata">
    <summary lang="en">SupbaboxTV Skin</summary>
    <description lang="en">SupaboxTV Skin for best use.</description>
    <disclaimer lang="en">Use for best effect.</disclaimer>
    <platform>all</platform>
  </extension>
</addon>
