<?xml version="1.0" encoding="UTF-8" standalone="yes"?>
<addon id="plugin.video.nbareplays" name="NBA Replays" version="1.0.1" provider-name=".[COLOR blue]X[/COLOR]unity[COLOR blue]T[/COLOR]alk">
  <requires>
    <import addon="xbmc.python" version="2.1.0"/>
  </requires>
  <extension point="xbmc.python.pluginsource" library="default.py">
        <provides>video</provides>
  </extension>
  <extension point="xbmc.addon.metadata">
    <summary lang="en">NBA Replays</summary>
    <description lang="en">NBA Replays</description>
    <platform>all</platform>
  </extension>
</addon>
