<?xml version="1.0" encoding="UTF-8" standalone="yes"?>
<addon id="service.xbmc.supaboxmemcheck"
      name="Memory Check"
      version="1.0.2"
      provider-name="Flaggsoft">
    <requires>
        <import addon="xbmc.python" version="2.1.0"/>
        <import addon="script.module.addon.common" />
        <import addon="script.module.metahandler" />
    </requires>
    <extension point="xbmc.service" library="service.py" start="login"/>
    <extension point="xbmc.addon.metadata">
        <summary lang="be">Mem Version Check checks if you are running with most memory.</summary>
       
        <platform>all</platform>
       
       
        <email></email>
        
    </extension>
</addon>
