<?xml version="1.0" encoding="UTF-8"?>
<addon id="plugin.video.favorites"
       name="** My Favorites **"
       version="0.0.4"
       provider-name="[COLOR blue]X[/COLOR]unity[COLOR blue]T[/COLOR]alk">
  <requires>
    <import addon="xbmc.python" version="2.1.0"/>
	<import addon="script.module.t0mm0.common" version="0.0.1"/>
	<import addon="script.module.universal" version="0.0.1"/>
	<import addon="script.module.metahandler" version="1.0.2"/>
  </requires>
  <extension point="xbmc.python.pluginsource"
            library="default.py">
        <provides>video</provides>
  </extension>
  <extension point="xbmc.addon.metadata">
    <summary lang="en">My Favorites</summary>
    <description lang="en">Favorites across all addons.[CR][CR][COLOR orange]Support[/COLOR] @ [COLOR blue]www.[B]XUNITYTALK[/B].com[/COLOR][CR][CR][COLOR orange][B]Credits[/B][/COLOR][CR]     [COLOR blue]The_Silencer:[/COLOR] Testing and Quality Assurance</description>	
    <platform>all</platform>
  </extension>
</addon>
