<?xml version="1.0" encoding="UTF-8"?>
<window id="1199" type="dialog">
	<defaultcontrol always="true">100</defaultcontrol>
	<include>dialogeffect</include>
	<controls>
		<control type="image">
			<left>0</left>
			<top>0</top>
			<width>1280</width>
			<height>720</height>
			<texture colordiffuse="customcolor6" border="120,0,0,0">hint-overlay.png</texture>
		</control>
		
		<control type="label">
			<left>240</left>
			<top>150</top>
			<width>680</width>
			<height>60</height>
			<font>font35_title</font>
			<textcolor>customcolor6</textcolor>
			<align>left</align>
			<aligny>center</aligny>
			<label>Supabox Has just been updated!!!</label>
		</control>
		<control type="textbox">
			<left>240</left>
			<top>240</top>
			<width>680</width>
			<height>250</height>
			<font>font14</font>
			<textcolor>customcolor1</textcolor>
			<align>left</align>
			<label>Look around for new features.</label>
		</control>
		<control type="button" id="100">
			<description>OK button</description>
			<left>720</left>
			<top>500</top>
			<width>200</width>
			<height>40</height>
			<label>12321</label>
			<font>font12_title</font>
			<textcolor>customcolor1</textcolor>
			<focusedcolor>customcolor1</focusedcolor>
			<align>center</align>
			<onclick>Skin.Setbool(FirstTimeRun)</onclick>
			<onleft>100</onleft>
			<onright>100</onright>
			<onup>100</onup>
			<ondown>100</ondown>
		</control>
	</controls>
</window>
