<?xml version="1.0" encoding="UTF-8" standalone="yes"?>
<addon id="plugin.video.freshstart"
	name="Supabox Fresh Start"
	version="1.1"
	provider-name="Flaggsoft">
  <requires>
    <import addon="xbmc.python" version="2.1.0"/>
  </requires>
  <extension point="xbmc.python.pluginsource" library="default.py">
    <provides>executable</provides>
  </extension>
  <extension point="xbmc.addon.metadata">
    <summary lang="en">Supabox Fresh Start</summary>
    <description lang="en">Easily Factory Restore your Supabox Configuration in One Simple Click! This tool will bring your Supabox back to its original installation state, deleting all customizations and add-ons you may have previously enabled, giving you a fresh start!</description>
    <platform>all</platform>
    <forum></forum>
    <website></website>
  </extension>
</addon>
